obs,ccClient,employeeId,date,time,product1,amount1,product2,amount2,product3,amount3,state
nulla integer pede justo,100210135165,1,06/25/2020,9:14,8,5,6,3,2,5,PROCESS
hac habitasse,38.161.164.67,2,05/20/2020,11:15,10,4,7,3,6,2,REQUESTED
ante vel ipsum,69.29.174.51,4,11/30/2020,19:03,7,5,8,2,5,1,PROCESS
vel enim sit,172.253.4.152,3,06/19/2020,23:50,8,2,6,2,4,1,PROCESS
justo sollicitudin ut suscipit,10.16.128.85,1,09/10/2020,11:51,2,2,1,1,5,2,DELIVERED
libero nullam sit,180.254.195.27,4,05/22/2020,5:42,9,4,5,1,2,4,DELIVERED
duis mattis egestas,172225199234,5,11/18/2020,18:20,6,4,1,2,8,1,DELIVERED
non,246.82.153.236,2,04/12/2020,10:42,1,4,5,4,3,4,DELIVERED
consequat morbi,34.27.147.162,2,10/24/2020,8:27,2,3,1,2,2,1,REQUESTED
nec molestie,95.255.96.109,4,01/08/2021,23:07,4,4,9,4,5,3,REQUESTED
libero nam dui,164199138220,3,01/15/2021,9:29,10,2,7,2,5,2,RECIEVED
leo pellentesque,6.165.18.11,2,04/08/2020,4:12,7,3,7,1,6,3,REQUESTED
pulvinar nulla,29161223183,3,01/16/2021,17:52,3,1,8,2,8,5,DELIVERED
ante vel,250.31.164.141,1,01/04/2021,19:17,1,4,2,1,10,3,PROCESS
nunc,162.127.86.169,4,03/08/2021,20:31,6,1,1,4,9,2,DELIVERED
at diam,216.7.243.80,5,02/02/2021,13:33,9,5,6,3,3,2,REQUESTED
at,16.29.240.1,2,03/24/2020,12:34,1,2,4,2,7,5,REQUESTED
luctus et,139.10.84.19,5,12/08/2020,21:00,3,2,5,5,5,5,DELIVERED
vulputate justo,206.35.159.32,1,06/01/2020,7:55,2,4,9,5,9,2,PROCESS
vestibulum ante,255.79.121.130,3,04/03/2020,13:34,9,5,6,2,1,2,RECIEVED
rhoncus mauris,59203234222,1,06/24/2020,8:40,9,1,4,5,4,3,DELIVERED
amet justo morbi,210.63.156.22,3,09/16/2020,6:07,6,2,10,1,7,4,DELIVERED
cubilia curae,25213119216,5,07/04/2020,18:25,3,2,10,5,7,3,REQUESTED
sodales,54.45.7.20,2,06/15/2020,3:21,3,4,7,1,8,5,DELIVERED
sed sagittis,10217191172,1,11/15/2020,11:57,5,5,7,3,4,4,REQUESTED
nulla mollis molestie,165.217.138.96,1,01/16/2021,16:08,8,4,6,2,7,3,REQUESTED
cubilia,39.116.96.156,3,02/23/2021,8:39,10,2,4,4,7,3,DELIVERED
diam,192.110.90.100,4,05/28/2020,19:19,5,4,5,5,7,3,RECIEVED
nulla,192.3.170.171,5,05/17/2020,1:52,10,4,1,5,2,2,RECIEVED
in hac,198.78.84.135,4,07/24/2020,10:07,4,3,3,2,9,5,RECIEVED
sed interdum venenatis,182.47.210.87,1,08/19/2020,12:03,7,1,8,4,9,2,REQUESTED
lacus morbi sem mauris,122.88.82.148,4,02/25/2021,13:07,3,3,2,2,5,1,PROCESS
viverra dapibus nulla suscipit,89.30.60.200,2,07/04/2020,23:48,1,4,4,3,5,2,PROCESS
tellus semper interdum,79.230.88.248,3,04/23/2020,16:32,2,4,9,3,6,3,REQUESTED
vivamus vel nulla,113253206209,5,04/02/2020,12:43,2,1,9,2,7,1,RECIEVED
et tempus,167194203216,4,04/11/2020,15:14,4,1,3,2,2,4,REQUESTED
cras pellentesque volutpat,240.183.1.53,4,06/03/2020,23:48,5,4,8,1,7,1,DELIVERED
hac habitasse platea dictumst,216.126.41.129,1,12/20/2020,8:27,4,1,6,5,6,5,DELIVERED
curae nulla dapibus dolor,42.48.203.12,3,10/18/2020,8:05,5,1,2,1,4,4,PROCESS
leo odio,155.5.107.160,5,03/21/2021,18:22,9,4,6,4,7,5,RECIEVED
cursus urna,37.123.164.1,1,08/30/2020,12:17,1,4,1,2,6,4,REQUESTED
orci vehicula condimentum,63.108.164.89,2,10/10/2020,21:39,7,1,5,2,3,4,PROCESS
vel ipsum praesent,198.78.84.135,3,06/09/2020,10:11,2,2,8,5,8,5,DELIVERED
in,14153251137,4,05/28/2020,1:57,8,4,7,2,3,2,REQUESTED
dapibus dolor,150.119.41.166,1,11/10/2020,3:22,7,5,2,1,5,2,RECIEVED
sit amet,211.186.148.96,1,05/11/2020,3:54,2,1,9,2,4,3,REQUESTED
nisl nunc,60.78.178.214,1,02/25/2021,1:13,1,2,8,2,7,1,RECIEVED
sapien arcu,132105233129,4,11/15/2020,12:02,2,2,8,5,4,1,PROCESS
ut ultrices vel,175115247204,2,09/17/2020,22:59,5,2,10,2,8,4,DELIVERED
felis donec,159.186.177.15,4,04/29/2020,22:51,9,2,6,4,9,5,PROCESS
pede,210.51.88.209,3,05/23/2020,8:29,7,4,4,1,9,3,PROCESS
penatibus,95.19.78.87,5,07/31/2020,10:26,4,1,8,1,2,5,REQUESTED
integer,212179146213,1,12/19/2020,22:46,4,3,4,2,9,5,PROCESS
sit amet,124.26.160.76,3,04/16/2020,8:57,2,5,5,4,4,5,DELIVERED
odio odio,105213159253,4,03/18/2021,14:58,7,1,1,5,2,5,DELIVERED
nullam,105.216.16.234,1,10/09/2020,6:55,3,3,7,1,10,1,REQUESTED
ipsum ac tellus semper,195.50.71.28,4,05/12/2020,15:31,6,5,6,2,8,4,REQUESTED
suscipit ligula in,69.65.213.218,4,07/03/2020,23:53,3,1,3,2,4,3,DELIVERED
in hac habitasse platea,61.178.126.46,4,06/04/2020,0:11,7,4,2,5,4,1,PROCESS
ipsum primis in,67.189.70.121,1,04/16/2020,22:24,6,4,10,5,7,3,REQUESTED
lorem ipsum dolor,22.9.116.213,5,09/23/2020,21:00,8,1,5,1,2,4,RECIEVED
condimentum neque sapien placerat,255.176.162.75,4,03/25/2020,22:27,6,5,9,2,1,2,REQUESTED
augue vestibulum ante,141.248.178.19,1,08/28/2020,3:12,9,4,1,2,1,3,REQUESTED
sed nisl nunc,250159219103,3,08/12/2020,1:07,3,1,2,1,9,1,REQUESTED
a,220.69.37.188,3,04/29/2020,12:20,4,1,7,1,7,2,RECIEVED
nunc nisl duis bibendum,34164217119,2,01/16/2021,15:53,8,1,2,2,3,4,DELIVERED
a odio,221.120.82.161,1,11/10/2020,17:29,5,1,5,2,10,3,PROCESS
magnis,18216135252,1,07/02/2020,1:18,8,4,8,4,6,5,RECIEVED
suscipit,133.154.216.35,2,03/07/2021,1:25,1,2,9,1,4,3,DELIVERED
nec dui,134.110.24.139,3,11/29/2020,10:46,7,1,7,3,5,5,DELIVERED
nisl ut volutpat sapien,167194203216,5,11/22/2020,10:06,5,4,4,4,4,2,REQUESTED
penatibus et,98.25.225.165,1,11/20/2020,1:36,9,4,7,4,5,4,REQUESTED
eu,62.51.235.35,3,08/31/2020,17:33,4,5,1,5,4,3,PROCESS
sed,165.199.31.193,1,09/04/2020,4:51,10,5,6,4,6,5,DELIVERED
duis consequat,158.35.172.3,2,12/05/2020,2:56,8,4,8,4,4,2,RECIEVED
odio odio,68.150.90.9,1,12/23/2020,16:18,10,2,5,2,10,5,REQUESTED
volutpat dui,243144235169,4,01/03/2021,2:44,4,4,5,5,9,4,DELIVERED
nunc donec quis orci,248.202.214.98,5,07/07/2020,1:44,6,2,10,5,9,2,REQUESTED
nam nulla integer,27.14.215.25,2,07/02/2020,12:59,3,5,6,4,9,5,PROCESS
tempor convallis nulla neque,17124228103,4,04/15/2020,5:42,5,2,9,5,1,4,DELIVERED
leo maecenas,252.240.38.178,5,10/09/2020,4:17,9,4,3,2,6,2,RECIEVED
cum,221118139179,1,09/08/2020,18:12,10,5,3,4,1,5,REQUESTED
neque,4.27.119.232,1,07/04/2020,9:58,3,2,2,5,5,1,PROCESS
nisi vulputate nonummy maecenas,200138222123,3,11/06/2020,2:39,5,1,2,3,6,5,RECIEVED
quam fringilla,58.77.189.25,3,06/03/2020,7:32,1,4,6,5,9,3,REQUESTED
tincidunt nulla mollis molestie,81.197.209.14,2,08/26/2020,4:11,3,5,8,4,9,5,REQUESTED
proin leo,243.0.169.183,1,10/20/2020,6:44,9,1,7,3,7,1,REQUESTED
erat eros viverra eget,11.26.87.59,1,08/05/2020,9:08,1,1,1,5,5,1,REQUESTED
ante ipsum primis in,142.35.90.56,2,11/23/2020,15:23,3,5,9,1,6,3,PROCESS
velit nec nisi vulputate,2.63.105.15,1,08/23/2020,11:10,4,3,3,5,8,1,DELIVERED
justo sit amet,181215226136,4,10/28/2020,16:02,6,3,2,4,10,4,RECIEVED
elit sodales,117.3.47.65,3,12/18/2020,21:02,5,4,4,4,8,1,DELIVERED
lectus in quam fringilla,187.249.205.62,2,04/13/2020,11:41,9,1,4,5,9,1,DELIVERED
maecenas rhoncus,229.32.140.61,4,11/17/2020,7:33,7,3,6,2,5,1,PROCESS
enim in,33163158104,2,01/25/2021,16:44,6,3,5,1,1,3,RECIEVED
duis mattis,58.10.83.207,3,05/22/2020,1:37,7,2,5,4,2,2,RECIEVED
porttitor,68.82.57.159,5,12/29/2020,9:11,4,2,8,4,9,1,PROCESS
curabitur gravida,228.19.70.244,2,06/12/2020,9:14,7,2,4,4,2,1,REQUESTED
lacus,38.165.25.148,3,10/17/2020,22:10,7,3,1,2,7,3,RECIEVED
dolor,238.68.133.171,3,01/10/2021,10:56,6,1,7,1,7,2,PROCESS
platea dictumst etiam faucibus,139.70.4.78,1,07/29/2020,14:17,5,2,2,4,2,1,PROCESS
quam suspendisse potenti nullam,152.30.156.51,4,06/10/2020,16:43,10,1,10,1,7,4,DELIVERED
condimentum,108.159.23.218,2,06/04/2020,12:16,8,1,10,1,7,1,PROCESS
rutrum ac lobortis,33.45.82.3,5,02/04/2021,11:27,10,1,4,1,8,2,PROCESS
lacus morbi sem mauris,77.125.46.50,2,03/25/2020,20:43,3,2,2,4,7,5,PROCESS
et,119.68.24.166,5,10/25/2020,12:43,6,5,3,3,3,1,DELIVERED
congue eget,232.186.246.44,2,08/21/2020,19:19,4,2,1,1,6,4,REQUESTED
erat quisque erat eros,96.49.110.66,2,06/05/2020,15:56,8,5,1,4,5,1,PROCESS
sodales sed tincidunt,20.161.117.98,5,05/15/2020,0:26,8,2,7,4,9,2,RECIEVED
nulla nunc,109130139249,2,08/14/2020,17:57,9,5,1,1,2,2,REQUESTED
ut erat,202153132141,1,08/06/2020,11:04,5,4,2,5,5,5,PROCESS
justo in blandit,97.23.101.50,5,10/07/2020,7:53,10,5,2,3,2,1,RECIEVED
congue vivamus metus arcu,214.98.154.161,5,10/16/2020,0:05,2,3,4,1,1,1,RECIEVED
eros viverra,8.82.80.160,3,09/16/2020,19:49,8,5,8,5,7,3,DELIVERED
ipsum primis in,68153201166,2,05/30/2020,15:21,7,2,3,1,5,3,RECIEVED
donec semper sapien,174.230.156.28,1,11/17/2020,8:50,9,4,4,3,4,2,REQUESTED
felis,94226216151,2,12/14/2020,21:25,8,5,8,5,8,3,RECIEVED
est,24.100.88.153,5,04/18/2020,11:58,4,4,9,1,1,2,RECIEVED
sem fusce consequat nulla,209105113241,2,01/13/2021,21:33,6,3,3,5,9,2,REQUESTED
vestibulum,16.31.201.49,5,03/11/2021,11:29,8,5,1,4,9,1,RECIEVED
viverra dapibus nulla suscipit,45.28.235.172,5,03/24/2020,13:19,8,1,10,3,8,1,RECIEVED
libero,75.145.233.66,3,09/21/2020,2:31,3,3,10,4,8,2,REQUESTED
vitae consectetuer,154.9.18.106,1,01/24/2021,5:50,6,4,7,3,10,1,DELIVERED
vivamus vel nulla,254.10.40.218,4,01/16/2021,1:16,8,4,1,4,2,1,PROCESS
massa tempor convallis nulla,188.80.139.198,5,02/13/2021,14:09,1,2,10,2,3,1,RECIEVED
ornare,246.67.98.217,3,07/20/2020,12:45,5,4,10,1,4,5,RECIEVED
nulla ac enim in,19.251.241.62,2,02/18/2021,23:26,6,2,5,2,3,2,DELIVERED
vel pede morbi,85.50.196.232,2,07/23/2020,11:56,5,1,9,4,2,5,REQUESTED
ornare imperdiet sapien urna,180.53.93.202,2,11/05/2020,19:13,8,4,6,1,3,2,RECIEVED
id nulla ultrices,152.100.96.198,2,04/22/2020,21:27,7,4,4,3,3,5,DELIVERED
volutpat sapien arcu sed,241110101116,1,09/03/2020,22:17,2,4,2,1,4,4,REQUESTED
mollis,225.132.75.204,4,10/06/2020,11:43,10,1,6,5,1,3,DELIVERED
vivamus,237.83.247.127,5,09/16/2020,6:07,9,5,1,1,7,3,RECIEVED
pellentesque viverra,192.3.170.171,3,01/25/2021,18:30,7,4,4,1,2,5,REQUESTED
pellentesque at nulla,71.1.53.44,3,11/09/2020,23:47,3,1,5,2,7,2,PROCESS
pharetra magna,67.126.38.41,2,04/03/2020,14:20,9,1,2,1,8,1,DELIVERED
duis bibendum morbi non,184.92.156.24,5,10/22/2020,5:40,5,3,3,2,5,3,REQUESTED
leo odio,17.60.161.202,1,01/08/2021,21:43,10,3,1,2,9,1,RECIEVED
nibh,164.174.43.83,5,08/10/2020,6:30,4,1,4,2,3,5,RECIEVED
in hac habitasse platea,60.17.37.117,4,10/02/2020,13:41,3,3,6,4,8,2,RECIEVED
sit amet lobortis sapien,189.60.158.206,5,02/26/2021,14:28,2,2,1,4,3,1,DELIVERED
nec euismod scelerisque quam,26.118.18.221,2,09/11/2020,5:49,7,1,4,5,8,4,REQUESTED
cum sociis,122.220.242.75,3,04/28/2020,11:22,7,1,3,4,8,1,PROCESS
cum,133.252.48.10,1,02/25/2021,9:54,1,2,3,2,1,3,RECIEVED
eget orci vehicula condimentum,147.44.121.236,1,01/04/2021,5:32,2,4,3,3,4,2,REQUESTED
lacus,132.109.217.88,4,09/08/2020,12:36,2,2,10,2,6,4,PROCESS
suspendisse accumsan,60247212107,2,04/11/2020,2:03,8,5,5,4,6,3,RECIEVED
donec vitae nisi,27.98.55.146,5,04/15/2020,5:48,2,2,6,5,10,3,PROCESS
eu nibh,35137207239,2,09/14/2020,1:43,10,2,4,3,2,1,REQUESTED
ac neque duis bibendum,129.245.90.172,3,08/20/2020,6:23,6,1,1,1,1,5,RECIEVED
phasellus id sapien in,185.166.52.169,2,08/21/2020,9:17,6,4,6,5,5,5,DELIVERED
tincidunt,93.70.56.205,5,01/31/2021,5:26,6,1,3,2,5,2,PROCESS
in hac,26.234.224.63,1,06/24/2020,23:55,7,5,7,4,1,2,RECIEVED
suspendisse,30.77.146.69,1,03/18/2021,13:33,6,4,1,4,8,3,DELIVERED
pede lobortis ligula sit,56137146152,5,10/24/2020,3:55,8,3,4,1,8,3,PROCESS
in lacus,98.178.64.79,3,12/18/2020,19:21,8,4,1,5,10,4,RECIEVED
magna,117.73.225.154,2,08/04/2020,20:54,8,5,3,1,1,2,RECIEVED
fringilla rhoncus mauris,79.250.160.12,1,09/14/2020,18:34,6,3,10,1,3,4,RECIEVED
blandit ultrices enim,58.123.15.113,1,05/09/2020,4:14,10,2,9,5,9,1,DELIVERED
congue eget semper,175242131176,3,11/22/2020,4:28,10,1,8,3,2,5,DELIVERED
nulla elit,100.182.5.56,2,01/08/2021,12:52,7,3,5,2,6,2,PROCESS
id lobortis convallis,16.122.139.8,4,11/14/2020,14:31,2,3,7,2,3,5,DELIVERED
condimentum curabitur,189.42.89.14,4,07/18/2020,9:27,9,3,7,1,2,5,RECIEVED
pulvinar lobortis,98.250.24.137,3,08/18/2020,16:30,9,3,5,3,7,5,REQUESTED
orci pede venenatis non,250159219103,5,11/18/2020,14:14,6,5,8,5,4,4,RECIEVED
sem duis aliquam convallis,192.66.123.168,5,06/12/2020,15:40,9,1,3,4,1,4,DELIVERED
tempus,247.57.172.212,5,10/23/2020,17:19,3,1,9,1,8,2,REQUESTED
fusce congue,103.5.232.44,1,07/15/2020,16:27,6,5,3,3,10,5,DELIVERED
ante ipsum primis in,125.60.191.115,4,11/21/2020,9:59,8,4,6,5,7,3,PROCESS
in hac habitasse,81.33.109.111,4,03/02/2021,14:30,7,4,4,3,3,1,PROCESS
ultrices erat tortor sollicitudin,149.81.170.146,4,08/27/2020,11:14,9,4,8,1,3,2,DELIVERED
est phasellus sit,29117212166,2,11/22/2020,2:08,7,5,4,2,3,1,PROCESS
consequat,165.180.180.12,3,04/04/2020,18:15,3,2,7,4,2,2,REQUESTED
accumsan,232.209.216.82,4,11/03/2020,20:28,5,5,1,1,3,5,RECIEVED
morbi non lectus aliquam,6.204.13.144,4,07/16/2020,16:37,10,4,4,5,3,5,RECIEVED
eros vestibulum ac,142.0.255.227,1,10/23/2020,11:18,6,5,9,1,5,3,REQUESTED
urna,0.218.175.5,5,10/22/2020,12:40,5,2,3,5,9,3,REQUESTED
vivamus vel nulla eget,175.54.245.215,2,01/19/2021,3:05,7,3,2,4,2,4,RECIEVED
arcu sed augue aliquam,80.172.5.73,5,05/29/2020,11:23,5,3,2,5,4,1,DELIVERED
lectus aliquam sit,147.165.44.51,5,06/27/2020,7:24,9,1,2,4,5,5,PROCESS
semper rutrum nulla,43.81.10.226,2,01/13/2021,11:40,2,4,4,3,10,4,PROCESS
risus auctor sed,103.5.232.44,5,06/15/2020,17:59,7,5,2,1,6,1,REQUESTED
ullamcorper augue a,33.45.82.3,5,01/24/2021,5:57,6,4,3,4,2,2,DELIVERED
id nulla ultrices,21.118.15.135,5,03/13/2021,23:02,6,1,4,2,6,5,RECIEVED
aliquam non mauris morbi,173.176.177.1,1,03/16/2021,2:59,5,3,1,4,7,2,DELIVERED
eros viverra eget,251.206.31.199,3,02/28/2021,0:49,8,4,3,4,5,5,PROCESS
sed,226.37.184.117,2,11/16/2020,12:27,3,1,4,5,3,2,DELIVERED
massa id nisl,51.117.82.85,1,10/11/2020,19:35,10,4,1,3,7,1,REQUESTED
id massa id nisl,171185114201,4,06/13/2020,16:25,1,3,2,5,2,2,DELIVERED
erat,157.82.130.200,2,04/19/2020,4:31,4,5,6,3,9,2,DELIVERED
eget vulputate ut ultrices,115.129.32.194,3,04/15/2020,16:28,1,2,7,3,5,4,DELIVERED
justo sit amet,209235174167,3,05/19/2020,7:47,7,5,2,5,8,3,DELIVERED
vestibulum,147200188158,4,01/26/2021,15:56,8,2,8,3,7,4,REQUESTED
nulla pede,255.79.121.130,5,10/10/2020,10:49,7,1,3,1,3,1,REQUESTED
ut blandit non interdum,243212185220,1,12/15/2020,4:53,8,1,3,2,2,4,REQUESTED
eu felis,244.14.190.1,2,08/07/2020,21:44,6,5,5,1,9,1,REQUESTED
justo aliquam quis turpis,143229149143,3,12/23/2020,13:15,10,1,9,1,5,1,PROCESS
lacus,236.37.239.12,1,11/29/2020,17:56,1,5,6,1,10,3,RECIEVED
lacus,117.24.183.48,1,11/27/2020,8:56,7,3,2,1,1,5,REQUESTED
posuere cubilia,249.199.45.33,5,03/20/2021,23:51,10,2,8,1,10,5,REQUESTED
morbi non,49.197.124.92,1,08/12/2020,18:37,10,5,1,2,4,2,RECIEVED
ligula nec,16.213.16.85,4,02/06/2021,22:15,8,4,4,4,7,1,DELIVERED
in,108124122110,2,02/10/2021,9:55,7,1,5,5,9,4,REQUESTED
vestibulum vestibulum ante,234233243174,4,11/12/2020,18:56,5,2,7,1,8,5,PROCESS
eget eleifend luctus ultricies,44.63.249.8,3,08/07/2020,6:05,9,2,4,4,2,5,PROCESS
faucibus orci,246204192205,4,07/19/2020,5:35,1,4,7,3,9,4,REQUESTED
cum sociis,254.246.221.72,1,08/05/2020,1:29,6,5,6,3,4,2,DELIVERED
sed,91.157.77.143,5,07/29/2020,11:39,3,2,2,5,7,4,RECIEVED
convallis,3.68.234.106,4,03/23/2020,22:29,1,1,4,3,2,1,RECIEVED
id mauris,146.240.59.242,1,12/07/2020,14:46,9,1,4,1,10,4,RECIEVED
sed magna at,231.78.152.163,4,07/27/2020,7:39,2,5,5,5,6,2,DELIVERED
arcu,236248119169,2,12/24/2020,0:15,7,5,4,4,2,3,REQUESTED
morbi ut odio cras,240.183.1.53,1,08/01/2020,16:06,2,1,5,5,2,3,PROCESS
rutrum nulla nunc purus,204.195.13.222,4,09/22/2020,18:49,9,4,6,5,8,5,DELIVERED
amet sem fusce consequat,185.34.38.74,3,10/21/2020,17:42,6,2,10,3,10,1,RECIEVED
ipsum primis in,96.85.141.124,4,04/24/2020,9:45,8,4,7,1,8,2,REQUESTED
adipiscing,103.243.119.41,1,11/22/2020,12:27,10,3,3,2,5,3,REQUESTED
morbi a ipsum,90.40.192.130,1,10/21/2020,21:09,5,4,2,1,1,5,PROCESS
amet nunc,54188234206,1,01/19/2021,21:46,8,3,1,3,1,1,RECIEVED
cubilia,41.253.90.50,4,05/21/2020,8:18,5,2,7,3,8,3,REQUESTED
amet erat nulla tempus,72200173183,2,09/01/2020,1:54,4,4,7,5,1,4,REQUESTED
pulvinar,60.17.37.117,3,04/07/2020,20:19,2,5,1,5,10,3,PROCESS
viverra pede ac,16.122.139.8,1,05/21/2020,21:32,9,3,8,3,8,4,REQUESTED
quisque arcu libero rutrum,150.224.71.253,5,03/19/2021,14:54,7,5,7,4,5,5,RECIEVED
vitae consectetuer eget rutrum,3239108212,4,09/03/2020,19:18,7,5,4,2,8,5,DELIVERED
et ultrices posuere,54249179190,3,05/26/2020,17:31,5,1,1,5,8,3,RECIEVED
lorem integer,0.166.248.84,2,06/08/2020,3:13,9,1,7,4,10,1,REQUESTED
sapien arcu,151.16.123.254,5,06/08/2020,17:50,2,1,8,1,8,5,PROCESS
sapien sapien,161.80.93.198,1,08/22/2020,7:17,2,3,7,5,7,4,REQUESTED
cum sociis natoque penatibus,75.145.233.66,1,10/27/2020,14:13,5,5,1,4,7,3,DELIVERED
volutpat eleifend,166.159.35.193,1,08/24/2020,9:15,2,1,9,2,10,4,DELIVERED
elementum in,159.78.244.18,1,03/02/2021,12:12,2,1,7,1,5,1,DELIVERED
feugiat non pretium,176.43.234.89,5,09/18/2020,16:47,7,5,5,5,3,3,PROCESS
vulputate vitae nisl,82.3.232.97,3,05/01/2020,0:09,3,4,3,3,10,1,RECIEVED
venenatis lacinia aenean sit,222.226.29.128,5,11/14/2020,2:59,9,4,6,2,2,2,RECIEVED
tortor quis turpis sed,228.170.43.33,4,07/25/2020,6:08,4,5,5,4,4,1,RECIEVED
amet,235249112149,3,03/11/2021,6:25,1,5,4,5,9,3,DELIVERED
vel,215.182.134.62,5,02/22/2021,14:17,3,2,1,3,2,2,DELIVERED
hac habitasse platea dictumst,232.18.70.247,3,08/19/2020,21:46,9,4,10,5,6,2,RECIEVED
orci nullam molestie nibh,141.90.131.11,1,01/25/2021,0:10,6,5,9,4,4,3,PROCESS
suspendisse,13.7.157.135,1,09/23/2020,12:56,3,4,2,2,10,3,REQUESTED
posuere cubilia curae,178162102133,5,10/05/2020,23:10,6,4,10,4,4,1,REQUESTED
erat curabitur gravida nisi,13.67.197.33,3,09/28/2020,11:21,6,1,2,2,5,5,RECIEVED
ante ipsum primis in,27.221.180.64,2,08/31/2020,4:50,4,1,8,3,8,1,RECIEVED
magna vestibulum,145.95.3.123,3,03/14/2021,2:36,5,2,7,4,5,1,RECIEVED
morbi non lectus aliquam,235.100.75.119,2,07/30/2020,8:09,6,2,2,3,2,4,REQUESTED
non pretium quis,212.103.29.20,2,02/16/2021,21:58,3,5,4,2,8,3,REQUESTED
aliquam,145.89.163.43,3,07/19/2020,4:42,9,3,5,1,8,1,REQUESTED
fusce lacus purus,116.75.9.101,1,06/11/2020,22:56,9,4,8,2,6,1,REQUESTED
justo in hac habitasse,160.187.46.195,4,04/27/2020,15:57,2,5,8,2,4,2,DELIVERED
lacus curabitur at,99.80.72.23,5,09/15/2020,12:51,1,2,1,1,9,2,RECIEVED
mattis egestas metus,198.143.217.3,1,06/14/2020,0:43,5,2,3,5,7,1,RECIEVED
in est risus,215.182.134.62,2,08/15/2020,12:41,3,5,5,2,8,3,RECIEVED
neque vestibulum eget vulputate,75160133230,5,08/13/2020,11:40,3,2,10,3,9,3,DELIVERED
id ornare imperdiet sapien,212.202.70.210,4,01/11/2021,19:18,3,3,3,2,1,1,PROCESS
molestie sed justo pellentesque,25.71.219.19,2,11/02/2020,3:17,4,5,3,1,10,3,RECIEVED
a ipsum integer,92.192.40.11,2,01/07/2021,12:17,6,5,1,5,10,3,RECIEVED
ut rhoncus aliquet pulvinar,22.47.123.178,5,08/14/2020,3:54,3,2,4,1,6,3,RECIEVED
maecenas ut,4.182.60.48,5,04/11/2020,22:07,3,3,5,1,6,2,PROCESS
nulla,151.16.123.254,4,02/02/2021,22:10,6,1,9,2,10,5,RECIEVED
in,239.139.8.231,5,10/18/2020,0:01,10,5,8,5,6,5,REQUESTED
rutrum at lorem,92.159.76.35,5,03/29/2020,18:37,9,4,5,5,4,3,RECIEVED
sapien in sapien iaculis,183.193.8.84,4,04/22/2020,14:17,7,2,7,5,4,4,RECIEVED
pulvinar nulla,229.27.110.32,1,11/06/2020,16:32,4,4,5,5,8,1,DELIVERED
non interdum in ante,99.15.30.38,1,08/11/2020,9:34,9,5,5,5,6,3,REQUESTED
eleifend,63.136.5.2,2,01/04/2021,17:26,7,5,10,3,2,5,REQUESTED
erat nulla,13.121.106.92,2,12/11/2020,17:12,5,1,10,3,5,2,RECIEVED
vel augue vestibulum,252.11.106.247,5,06/18/2020,8:35,7,1,10,5,8,5,PROCESS
proin,59.63.245.74,4,10/30/2020,13:25,7,2,9,5,3,3,REQUESTED
quam,25.71.219.19,5,06/27/2020,7:36,6,5,1,2,3,5,DELIVERED
morbi,250.19.116.139,5,02/10/2021,23:20,3,1,9,3,1,5,DELIVERED
in hac habitasse platea,255.210.59.36,2,12/06/2020,9:43,7,3,2,4,5,4,RECIEVED
dolor vel est donec,213248195245,1,01/16/2021,13:59,7,4,1,2,3,5,PROCESS
sed,2.184.130.9,4,09/12/2020,12:04,1,3,8,2,6,5,REQUESTED
mauris viverra,87.186.37.24,1,12/19/2020,19:10,1,5,7,5,4,1,PROCESS
blandit ultrices enim lorem,94.82.108.212,5,10/14/2020,4:36,8,1,2,5,1,2,REQUESTED
elit,62.229.90.82,5,06/08/2020,11:45,8,5,6,4,3,2,RECIEVED
sed magna at nunc,179.253.167.65,4,07/06/2020,1:12,9,2,2,3,10,1,RECIEVED
dolor,125152161223,1,06/28/2020,2:58,6,5,6,2,4,2,REQUESTED
venenatis,101.76.98.88,5,07/13/2020,12:31,9,5,4,5,9,2,DELIVERED
ultrices vel augue,121.185.60.193,5,01/18/2021,14:35,10,1,3,1,10,3,DELIVERED
eu felis,189106244199,4,10/10/2020,22:14,4,4,4,5,6,4,DELIVERED
nisl nunc,209.113.69.172,5,05/27/2020,5:55,5,2,7,4,10,5,REQUESTED
venenatis tristique fusce,63.135.50.246,4,04/23/2020,12:29,7,4,10,1,6,1,REQUESTED
quis lectus suspendisse potenti,145.89.163.43,4,08/14/2020,4:44,10,2,9,1,3,5,RECIEVED
adipiscing elit,88.1.50.112,1,05/25/2020,13:38,4,1,1,2,8,4,DELIVERED
pellentesque,232141166109,5,10/25/2020,5:47,4,2,7,2,10,4,PROCESS
ac,6224225255,1,05/03/2020,18:52,6,2,1,5,10,4,RECIEVED
dui,254171186140,5,07/09/2020,1:09,8,1,2,2,1,2,RECIEVED
vivamus,232137132164,3,07/13/2020,5:43,4,4,10,1,6,1,RECIEVED
rutrum at lorem,194251231116,4,11/13/2020,21:39,8,1,2,1,4,4,REQUESTED
dignissim vestibulum,111.200.207.59,4,12/06/2020,23:55,6,2,5,1,3,2,PROCESS
massa volutpat convallis morbi,33163158104,2,11/23/2020,12:58,5,3,6,2,3,1,DELIVERED
cras,37.123.164.1,4,08/30/2020,23:37,3,5,2,3,5,1,PROCESS
non sodales sed tincidunt,232.223.64.11,1,12/15/2020,16:39,8,3,2,2,10,3,RECIEVED
sit,181215226136,1,04/19/2020,18:46,8,1,2,2,7,2,RECIEVED
nam congue risus,71.8.37.210,5,02/07/2021,22:14,7,1,2,4,2,3,RECIEVED
purus,15203174184,5,12/19/2020,4:28,9,4,4,4,9,5,RECIEVED
dignissim vestibulum vestibulum,84.34.100.104,5,09/13/2020,16:39,2,1,1,5,8,1,DELIVERED
iaculis congue vivamus,79165196230,4,05/06/2020,17:08,9,3,4,3,6,3,PROCESS
rutrum at lorem integer,68.86.29.84,2,12/18/2020,4:43,3,2,3,2,3,2,RECIEVED
orci luctus et,108.195.44.83,2,06/04/2020,7:17,4,4,5,5,9,1,RECIEVED
curabitur gravida nisi at,154.249.45.3,2,12/14/2020,1:41,5,5,9,5,3,4,PROCESS
risus semper,185.224.253.9,1,03/07/2021,6:08,3,4,1,5,9,5,RECIEVED
aenean fermentum donec ut,189.115.14.74,3,05/13/2020,11:53,7,5,1,2,9,2,DELIVERED
lorem,85.50.196.232,2,07/24/2020,20:59,3,3,4,3,6,5,DELIVERED
vivamus,4.208.90.94,2,09/28/2020,17:29,7,4,5,3,9,2,DELIVERED
auctor,84.72.200.97,1,07/31/2020,5:18,10,5,10,4,2,1,PROCESS
rhoncus aliquet,14.93.179.46,1,11/27/2020,18:41,9,2,2,4,7,2,DELIVERED
curae nulla dapibus,237221227246,5,04/22/2020,3:35,2,3,10,5,9,5,RECIEVED
vitae,30.96.62.45,1,12/21/2020,20:13,1,4,7,1,9,3,RECIEVED
potenti,62.105.145.56,1,04/13/2020,1:16,10,1,2,5,7,3,PROCESS
integer non velit donec,17.245.144.19,3,04/02/2020,1:34,3,1,2,5,5,5,DELIVERED
ut,171.6.162.46,1,04/14/2020,23:09,7,4,3,5,5,3,PROCESS
mi pede malesuada in,123.200.71.34,3,08/06/2020,13:19,4,4,8,2,1,3,DELIVERED
sapien urna pretium,120.35.201.40,4,08/03/2020,21:29,1,4,7,4,10,2,RECIEVED
sed,117.161.220.94,4,09/26/2020,6:37,9,3,2,3,1,2,RECIEVED
aenean lectus pellentesque eget,144112160215,4,02/16/2021,8:59,5,4,3,3,2,5,RECIEVED
varius nulla facilisi,164.219.26.88,2,07/14/2020,0:55,10,3,6,1,8,2,DELIVERED
ut nulla sed accumsan,210.51.88.209,2,02/25/2021,6:19,9,1,1,4,8,5,PROCESS
in,103185206160,3,06/06/2020,16:21,7,4,1,2,4,2,REQUESTED
ipsum aliquam non,4.208.90.94,4,07/09/2020,9:17,8,1,2,2,2,4,REQUESTED
lorem,36127133230,2,03/25/2020,5:20,8,3,1,3,3,1,REQUESTED
lorem integer,167.2.86.223,5,01/20/2021,9:16,6,3,4,5,9,5,PROCESS
lorem,250.31.164.141,1,10/07/2020,23:41,3,2,1,2,10,5,DELIVERED
duis bibendum felis,255.39.188.191,2,11/13/2020,21:46,8,3,7,5,7,5,REQUESTED
fermentum donec ut mauris,149107238120,1,04/17/2020,16:35,1,3,5,1,9,2,PROCESS
diam vitae quam suspendisse,101180126244,2,02/19/2021,18:04,6,3,2,2,5,3,DELIVERED
ligula pellentesque,39136179219,2,06/01/2020,3:56,9,2,6,4,4,2,DELIVERED
vestibulum,175.106.24.86,2,10/29/2020,12:15,7,4,10,5,3,2,PROCESS
ultrices,78.146.17.212,3,04/28/2020,18:26,5,3,8,2,7,4,RECIEVED
in hac habitasse,57.17.84.216,2,04/28/2020,3:23,8,5,9,3,2,1,RECIEVED
pretium iaculis,227.119.182.51,4,09/06/2020,3:06,1,4,6,5,3,4,REQUESTED
non quam,88.78.215.43,3,07/28/2020,11:13,6,2,4,5,1,1,REQUESTED
nibh in,67171223142,4,08/30/2020,2:33,3,4,3,2,1,1,DELIVERED
non,218.236.96.134,1,06/25/2020,22:57,3,5,6,4,4,4,DELIVERED
felis eu sapien cursus,177.190.251.25,1,10/05/2020,3:04,1,5,7,3,5,4,PROCESS
nec condimentum,231.135.167.12,3,05/01/2020,21:41,10,4,5,4,2,2,REQUESTED
massa volutpat,91217245144,2,10/01/2020,6:14,3,3,10,1,7,1,PROCESS
donec,55.88.43.212,2,01/07/2021,23:14,4,1,6,3,7,3,DELIVERED
integer,117.24.183.48,2,04/04/2020,2:53,2,2,10,4,9,4,PROCESS
id nisl venenatis lacinia,247155105109,1,10/08/2020,16:56,1,3,3,4,5,4,PROCESS
cras non,185.16.12.200,2,02/25/2021,10:38,1,1,4,1,2,3,DELIVERED
aenean lectus,123.14.205.1,2,02/23/2021,19:20,5,2,9,3,1,4,DELIVERED
at velit eu,201.178.195.73,1,06/29/2020,10:27,9,1,10,1,9,3,DELIVERED
eget congue eget semper,148166232101,4,11/17/2020,9:04,8,2,3,2,2,3,RECIEVED
a nibh,234200112204,5,02/22/2021,4:58,7,2,4,1,9,3,RECIEVED
nisl,186.16.214.75,4,03/10/2021,0:53,3,5,9,1,9,3,DELIVERED
scelerisque,247129109132,4,05/18/2020,8:03,10,3,10,1,8,4,PROCESS
elit proin,248.70.212.165,5,03/16/2021,6:29,2,5,7,3,9,4,REQUESTED
orci luctus et ultrices,98.202.213.87,3,05/27/2020,2:59,6,5,6,1,7,4,REQUESTED
parturient montes nascetur ridiculus,253113139104,2,02/26/2021,1:44,4,1,7,3,10,3,PROCESS
tristique fusce,115.129.32.194,4,07/03/2020,12:07,2,2,10,3,4,2,DELIVERED
ac enim in,2.209.85.135,4,05/31/2020,10:12,6,1,7,1,5,5,REQUESTED
quam a odio in,52.84.52.19,4,07/12/2020,8:35,3,3,1,1,1,3,PROCESS
morbi vel lectus,229146114191,1,05/07/2020,17:57,1,2,8,3,2,2,RECIEVED
sem praesent,138117250233,3,03/19/2021,6:23,1,2,3,4,5,4,DELIVERED
diam in magna,108.195.44.83,4,02/09/2021,16:39,4,2,5,1,6,1,PROCESS
viverra eget congue,172.223.245.32,4,09/24/2020,1:59,10,2,5,3,5,3,PROCESS
mauris sit amet eros,185120121250,1,07/07/2020,6:27,8,5,10,4,3,4,PROCESS
quam,227.119.182.51,2,09/20/2020,1:25,7,1,1,5,1,5,REQUESTED
semper,102.28.46.81,4,06/26/2020,15:30,6,4,2,3,10,2,PROCESS
blandit mi in porttitor,11.62.208.186,2,09/29/2020,6:11,9,4,4,1,2,3,RECIEVED
posuere cubilia,201.75.127.157,4,07/19/2020,15:23,8,3,9,1,5,4,REQUESTED
vivamus tortor duis,200.7.235.192,4,01/30/2021,6:47,7,2,6,5,7,5,PROCESS
et ultrices,218.236.96.134,4,11/01/2020,1:06,2,5,2,5,8,1,PROCESS
aliquet maecenas leo,117.3.47.65,4,03/24/2020,10:53,6,3,10,2,10,4,DELIVERED
arcu libero,15203174184,2,03/25/2020,9:05,1,4,9,2,3,3,PROCESS
sapien quis libero nullam,174.1.141.167,2,06/19/2020,18:15,7,3,6,2,2,2,DELIVERED
eu,229.210.61.56,2,09/24/2020,3:03,9,2,3,3,10,2,RECIEVED
volutpat eleifend donec ut,58.123.15.113,3,01/08/2021,2:53,3,3,2,3,2,4,REQUESTED
posuere cubilia,245.28.238.138,1,12/12/2020,12:21,10,5,2,2,6,5,REQUESTED
id mauris vulputate elementum,32145146144,1,08/18/2020,19:23,10,4,9,1,3,4,REQUESTED
nunc donec quis,99.1.244.49,3,12/25/2020,18:20,3,3,1,1,7,5,DELIVERED
varius integer ac leo,169.47.118.61,1,04/26/2020,12:23,6,5,4,4,5,3,PROCESS
elit ac nulla,64189249158,4,08/31/2020,0:31,4,4,6,2,4,2,DELIVERED
nisi nam ultrices,187.28.155.4,3,05/04/2020,0:43,5,1,5,4,7,4,PROCESS
feugiat,247.103.181.73,2,11/19/2020,10:22,10,3,6,4,1,5,RECIEVED
lorem ipsum dolor,34.9.27.122,2,01/18/2021,10:58,8,4,3,1,2,3,REQUESTED
non,131.195.192.56,5,03/14/2021,0:34,7,1,5,1,1,3,PROCESS
commodo placerat praesent blandit,235.134.209.51,5,04/27/2020,22:58,6,3,5,4,1,2,PROCESS
amet nulla,31101167238,3,07/22/2020,4:22,9,3,6,5,10,2,DELIVERED
auctor sed,58.44.113.138,5,03/10/2021,1:30,9,3,6,1,4,5,RECIEVED
at nibh,173.218.53.103,2,06/28/2020,17:32,4,1,8,2,4,3,REQUESTED
amet sapien dignissim vestibulum,107.111.6.129,1,04/30/2020,4:52,4,1,4,2,7,4,PROCESS
aliquet maecenas leo,24244233245,2,05/01/2020,6:31,9,5,2,5,10,1,RECIEVED
in faucibus orci,129.245.90.172,2,01/02/2021,9:48,9,2,9,3,2,1,REQUESTED
hac habitasse platea dictumst,89.109.147.2,4,01/01/2021,22:58,5,2,8,3,5,2,REQUESTED
a odio in,52219182180,1,10/05/2020,2:49,7,4,5,4,9,4,RECIEVED
diam id,192.6.118.53,1,11/30/2020,21:14,4,2,8,5,9,4,REQUESTED
congue risus semper,153231100208,2,03/10/2021,16:13,10,4,1,4,4,1,DELIVERED
etiam,90.227.255.19,5,07/30/2020,15:01,5,5,1,5,3,4,REQUESTED
nulla suscipit,101.11.164.185,2,09/03/2020,14:27,4,2,3,3,4,5,DELIVERED
consequat nulla nisl nunc,23189191194,4,09/12/2020,5:13,7,5,4,5,7,1,REQUESTED
porttitor,58.77.189.25,2,11/12/2020,15:02,3,3,7,3,9,2,REQUESTED
ultrices posuere cubilia,134124112150,2,12/26/2020,20:40,7,4,5,2,6,2,DELIVERED
platea dictumst maecenas ut,152.131.53.201,3,02/24/2021,1:23,6,2,3,5,2,3,PROCESS
nulla eget eros,71.1.53.44,1,04/11/2020,14:45,5,4,10,4,1,3,REQUESTED
sit,240.1.178.229,2,10/12/2020,16:51,1,3,1,1,4,3,RECIEVED
venenatis,138117250233,2,03/21/2021,6:17,1,4,2,5,5,4,REQUESTED
in purus eu,252.112.36.48,2,04/19/2020,5:07,2,5,6,2,1,3,PROCESS
nisl nunc rhoncus,105.216.16.234,2,08/10/2020,8:55,4,3,1,4,6,2,REQUESTED
felis sed interdum,72.207.146.60,1,10/06/2020,5:33,10,5,4,4,6,3,DELIVERED
urna ut tellus,17.192.89.28,3,08/23/2020,8:26,6,4,7,3,9,5,DELIVERED
vestibulum sed magna,253.58.212.190,5,10/07/2020,12:38,5,3,2,2,4,1,PROCESS
tristique in tempus sit,128.232.216.70,5,04/21/2020,9:32,2,3,7,4,3,5,PROCESS
in,56.123.232.72,5,11/10/2020,2:10,2,3,2,4,3,3,REQUESTED
amet consectetuer adipiscing,239.118.43.218,4,01/22/2021,1:56,2,3,2,2,8,4,RECIEVED
sociis natoque penatibus,21.191.171.93,5,08/06/2020,0:29,10,3,1,2,9,3,REQUESTED
erat vestibulum sed,52.110.4.223,4,10/21/2020,23:38,1,4,4,5,6,4,RECIEVED
vel,97125169196,2,04/13/2020,21:01,10,1,3,3,5,1,RECIEVED
consectetuer eget rutrum,42.48.203.12,2,01/17/2021,14:25,4,1,1,2,10,4,REQUESTED
eget eleifend,76.4.247.4,2,11/10/2020,3:49,1,5,10,3,8,3,PROCESS
massa donec,34.13.25.153,5,01/01/2021,16:02,7,3,4,5,9,5,DELIVERED
sit,116250215126,3,12/17/2020,16:50,7,3,6,4,3,1,DELIVERED
elementum ligula vehicula,38.165.83.36,5,10/16/2020,9:41,3,3,3,3,3,2,REQUESTED
aliquet ultrices,190.53.203.7,5,06/08/2020,7:12,1,4,5,5,4,3,PROCESS
dictumst,141229167250,4,03/05/2021,9:57,4,4,7,2,4,3,RECIEVED
dolor,157.55.178.74,2,03/22/2020,10:08,7,5,5,4,2,4,RECIEVED
ultrices erat,234233243174,1,07/29/2020,1:25,10,5,10,4,8,5,REQUESTED
eu interdum eu tincidunt,195.86.220.206,4,12/06/2020,21:59,10,4,3,3,7,4,PROCESS
erat fermentum,175.75.173.221,3,09/04/2020,3:43,2,3,8,5,1,5,PROCESS
ac leo pellentesque,12.252.61.62,5,06/03/2020,2:35,1,1,5,5,10,3,DELIVERED
odio in hac habitasse,36.19.154.190,3,11/17/2020,2:19,9,5,7,4,3,3,RECIEVED
rutrum,227.131.138.13,2,09/25/2020,8:55,10,3,8,5,8,2,REQUESTED
quisque arcu libero,17105114186,4,03/20/2021,13:13,8,5,5,4,3,5,RECIEVED
ac nulla sed vel,136.232.70.167,3,11/13/2020,14:36,9,5,8,3,2,4,PROCESS
non ligula pellentesque ultrices,53208159211,4,09/12/2020,4:53,6,4,7,4,8,1,PROCESS
ultrices enim lorem ipsum,35.51.148.174,3,01/18/2021,4:53,2,3,2,1,8,2,REQUESTED
amet,194.132.178.40,3,08/12/2020,11:45,4,1,1,1,4,1,PROCESS
odio consequat varius integer,151208255231,4,07/24/2020,10:49,4,2,1,5,9,3,DELIVERED
accumsan odio curabitur convallis,204.158.27.244,4,07/06/2020,15:40,7,5,4,4,1,1,DELIVERED
nullam varius,91180162225,2,08/04/2020,23:09,1,5,3,3,5,5,REQUESTED
et,95.214.159.3,5,08/22/2020,12:22,1,3,10,4,7,2,PROCESS
arcu sed augue aliquam,1.24.23.29,4,06/27/2020,0:48,4,1,1,1,10,2,REQUESTED
rhoncus sed vestibulum,229.142.168.23,3,03/18/2021,14:44,8,2,3,4,6,5,REQUESTED
cubilia,161214117187,3,04/03/2020,5:03,9,2,9,3,8,3,PROCESS
duis,132.55.107.233,1,06/24/2020,13:37,2,1,3,2,5,4,DELIVERED
nulla sed,122.176.166.83,4,08/31/2020,12:49,7,1,5,1,8,2,RECIEVED
mus vivamus vestibulum,91.137.37.175,4,01/13/2021,18:06,5,3,6,5,7,5,DELIVERED
hendrerit at vulputate vitae,228.82.49.232,3,01/15/2021,13:11,4,3,10,3,8,2,RECIEVED
euismod,26.118.18.221,2,09/19/2020,18:47,10,1,3,1,6,4,RECIEVED
faucibus orci,11.38.230.219,1,09/11/2020,3:07,5,1,6,5,4,4,PROCESS
nunc commodo placerat,156.18.232.170,4,05/07/2020,13:52,5,5,6,1,6,2,DELIVERED
orci,202.140.140.59,3,05/26/2020,22:22,10,2,2,3,9,2,REQUESTED
ante ipsum,47.9.126.170,3,10/28/2020,6:24,2,4,9,4,9,4,DELIVERED
tempor turpis nec euismod,45.123.3.143,4,01/03/2021,9:17,10,5,10,3,2,2,PROCESS
amet,19.129.67.37,3,01/08/2021,1:41,2,4,7,2,3,2,RECIEVED
sapien,65.146.41.115,1,03/05/2021,13:22,9,1,10,4,6,2,REQUESTED
in congue,243.217.134.50,3,11/30/2020,17:08,5,5,1,1,9,5,PROCESS
orci luctus et,212.163.55.191,4,07/17/2020,10:48,5,4,6,2,10,2,PROCESS
vel enim sit amet,158123232152,2,05/14/2020,16:27,5,4,7,5,10,4,RECIEVED
natoque,131.133.209.80,1,01/01/2021,16:09,10,2,8,3,3,3,RECIEVED
molestie sed,39136179219,4,08/02/2020,2:06,9,4,4,4,2,2,DELIVERED
tortor id nulla,194.156.146.92,4,05/10/2020,18:44,8,5,6,3,4,3,PROCESS
justo in blandit,175.69.53.115,1,04/01/2020,6:29,2,2,1,2,1,5,REQUESTED
sed,179.69.176.74,4,11/06/2020,7:43,10,1,1,1,7,2,RECIEVED
elementum pellentesque,95.255.96.109,2,11/17/2020,1:59,7,2,7,2,6,2,REQUESTED
purus phasellus in felis,122246219145,1,10/28/2020,3:06,9,3,7,2,2,2,PROCESS
est,31244115195,1,08/12/2020,8:37,8,1,2,5,4,3,DELIVERED
in,34.0.164.182,1,04/13/2020,12:55,10,4,9,4,7,1,REQUESTED
rhoncus dui vel sem,232.18.70.247,2,03/30/2020,17:45,5,3,7,5,3,4,PROCESS
quam sapien varius ut,104.207.188.57,2,07/16/2020,20:43,9,5,2,4,1,3,DELIVERED
odio elementum eu interdum,125.148.209.15,4,08/12/2020,22:59,7,5,1,2,7,5,RECIEVED
turpis a pede posuere,20215187124,2,07/19/2020,12:26,4,1,6,3,10,2,DELIVERED
vel est donec,11.38.230.219,3,11/25/2020,10:57,10,2,8,5,10,2,RECIEVED
odio in hac,59.161.200.76,2,06/15/2020,13:47,6,2,9,5,7,1,PROCESS
vulputate nonummy maecenas tincidunt,58.123.15.113,3,06/27/2020,2:31,10,3,9,2,10,1,RECIEVED
libero rutrum ac,162.127.86.169,5,06/28/2020,0:56,6,4,2,1,2,5,DELIVERED
ultrices erat tortor sollicitudin,125.27.73.241,4,01/10/2021,10:54,4,5,10,2,3,1,RECIEVED
lorem vitae,228.82.49.232,5,04/25/2020,5:19,7,4,2,5,6,4,RECIEVED
nunc nisl duis bibendum,19.251.241.62,5,12/14/2020,0:11,5,2,1,4,2,2,RECIEVED
amet eleifend,167.2.86.223,2,04/27/2020,7:10,10,3,5,3,10,5,PROCESS
dictumst etiam faucibus,88.1.50.112,3,03/09/2021,1:45,2,4,10,3,7,5,RECIEVED
nisl,228106120215,2,05/02/2020,7:03,1,5,6,4,10,4,REQUESTED
nulla,172.52.207.226,4,10/22/2020,5:03,10,1,3,1,9,3,DELIVERED
integer pede,239.139.8.231,1,06/26/2020,20:08,10,3,4,2,7,5,DELIVERED
condimentum curabitur in,215.29.142.204,3,05/25/2020,10:52,4,3,4,5,2,3,RECIEVED
ut massa quis augue,150.119.109.57,2,06/18/2020,7:46,8,4,4,4,6,1,DELIVERED
quis justo maecenas rhoncus,106.97.56.209,5,09/11/2020,19:42,1,5,3,5,10,4,RECIEVED
blandit lacinia erat,139.39.215.215,1,07/30/2020,23:55,1,5,1,3,8,3,PROCESS
condimentum neque sapien,229146114191,1,04/10/2020,18:09,2,1,5,5,9,1,RECIEVED
congue diam id,52.30.233.137,2,07/06/2020,6:51,4,4,7,3,3,1,PROCESS
velit vivamus,74.13.74.6,1,01/09/2021,10:45,10,3,6,2,7,5,REQUESTED
amet erat nulla tempus,171.40.233.27,2,06/17/2020,16:53,10,2,3,4,6,2,REQUESTED
turpis enim blandit,209.201.72.10,4,04/25/2020,2:36,4,5,9,2,9,3,REQUESTED
adipiscing elit proin,59.161.200.76,2,06/30/2020,17:14,4,5,2,1,3,5,DELIVERED
dui vel sem sed,226205171123,2,12/04/2020,8:53,7,4,3,3,7,4,PROCESS
fusce congue,5.246.86.210,1,01/22/2021,13:26,5,2,2,2,7,3,REQUESTED
porttitor lorem,136.32.43.99,3,07/14/2020,5:12,3,3,4,1,3,1,PROCESS
fermentum donec,240.175.53.25,1,12/21/2020,11:08,9,3,7,5,4,1,PROCESS
ipsum,138200136189,3,02/23/2021,2:04,10,4,6,4,10,5,PROCESS
augue,239.251.85.176,1,02/17/2021,5:43,2,1,6,2,3,1,REQUESTED
dui maecenas,152.30.37.10,1,03/06/2021,11:59,5,3,1,5,1,3,REQUESTED
erat nulla,47182193122,2,08/20/2020,13:14,7,5,7,4,9,4,REQUESTED
lectus vestibulum,182.102.101.99,4,02/18/2021,19:12,6,5,3,1,8,3,DELIVERED
sit amet justo,123.22.40.251,4,08/24/2020,10:01,5,4,1,2,3,5,PROCESS
vulputate,189180211156,1,09/11/2020,13:40,9,3,10,5,7,4,PROCESS
est phasellus,212.203.209.82,3,07/28/2020,21:42,7,3,7,3,10,3,REQUESTED
tellus semper,236.15.107.93,1,02/03/2021,10:54,4,1,1,5,1,5,PROCESS
nulla eget eros elementum,79.76.206.217,1,12/08/2020,16:17,10,1,3,1,7,2,PROCESS
nullam porttitor lacus,235.123.62.134,3,03/18/2021,1:40,10,3,1,2,1,5,RECIEVED
ultrices posuere,223.183.90.105,3,05/03/2020,21:39,1,1,1,5,2,2,RECIEVED
cum sociis,165.199.31.193,5,10/08/2020,5:29,10,3,1,5,2,1,REQUESTED
eu,47.108.113.88,5,03/10/2021,19:12,9,1,6,2,8,3,PROCESS
sagittis nam congue,251.206.31.199,1,01/22/2021,13:28,9,1,5,3,4,2,PROCESS
primis,182.62.31.139,5,04/02/2020,4:47,3,4,3,1,3,3,PROCESS
orci,51.13.205.127,4,07/11/2020,5:38,4,5,1,2,6,5,DELIVERED
magnis dis parturient,105213159253,5,11/01/2020,8:23,4,1,7,2,10,1,REQUESTED
parturient montes,2.184.130.9,3,05/13/2020,5:13,2,1,9,1,10,4,REQUESTED
lectus,147.165.44.51,3,12/30/2020,7:59,9,4,1,5,7,1,RECIEVED
justo eu,97135119164,1,06/21/2020,23:37,2,2,5,5,7,5,REQUESTED
lorem quisque,10.133.67.155,1,07/22/2020,3:39,7,2,5,5,8,4,REQUESTED
lorem,97163245128,3,09/11/2020,15:44,10,4,10,1,1,3,RECIEVED
ac neque duis bibendum,219.68.105.241,3,08/28/2020,2:24,8,5,8,2,4,4,REQUESTED
posuere cubilia curae,137.98.206.66,3,09/02/2020,21:15,6,5,8,3,8,2,PROCESS
cubilia curae donec,238.73.170.153,4,01/03/2021,18:25,4,5,6,4,6,1,PROCESS
erat quisque erat eros,125.111.186.32,3,09/29/2020,6:37,10,5,1,5,5,5,DELIVERED
blandit mi in,170.235.78.211,1,02/01/2021,21:02,9,3,7,3,1,4,REQUESTED
consequat morbi,234200112204,3,09/27/2020,6:22,10,3,6,1,6,3,DELIVERED
nisi,146158166148,5,08/20/2020,9:18,8,2,6,1,2,2,REQUESTED
tristique in tempus,166.159.35.193,1,07/24/2020,22:49,3,5,1,5,5,3,RECIEVED
nec nisi vulputate nonummy,47.56.10.82,1,06/04/2020,14:12,2,3,6,5,1,5,RECIEVED
nam congue risus,109.145.170.77,4,07/30/2020,19:46,1,3,7,4,1,1,REQUESTED
ipsum primis,97125169196,4,02/09/2021,20:12,2,1,3,4,4,5,DELIVERED
amet eleifend pede,226.213.53.158,3,11/14/2020,15:53,2,2,4,2,3,4,REQUESTED
nibh quisque id justo,29.135.39.157,4,08/02/2020,0:59,10,2,8,2,10,2,RECIEVED
et,98.199.155.71,5,12/17/2020,15:28,1,4,8,5,1,2,REQUESTED
habitasse platea,159.87.144.236,3,11/12/2020,22:12,8,2,6,5,6,3,PROCESS
mollis molestie lorem,113.202.5.46,5,06/08/2020,11:57,7,2,9,2,1,4,RECIEVED
odio condimentum id luctus,69.29.174.51,5,08/22/2020,7:50,2,1,8,1,2,1,RECIEVED
magna ac consequat metus,230.52.84.60,1,01/08/2021,1:04,6,2,2,1,7,3,REQUESTED
turpis sed,67.29.133.12,4,01/29/2021,10:03,9,1,5,1,4,4,REQUESTED
duis consequat,3.68.234.106,5,01/11/2021,8:27,4,1,10,3,10,4,PROCESS
in blandit,26167237251,3,05/27/2020,4:44,9,5,4,5,8,4,REQUESTED
sit amet nulla quisque,27.69.4.252,3,07/03/2020,14:47,1,5,9,2,10,3,REQUESTED
turpis adipiscing,24.100.88.153,3,07/25/2020,23:10,2,3,9,1,9,1,RECIEVED
massa,110.118.146.39,4,09/19/2020,19:44,10,5,6,4,7,3,REQUESTED
orci pede,18.236.188.49,1,03/22/2020,1:14,9,5,8,2,2,4,REQUESTED
luctus tincidunt nulla,139.230.144.74,5,05/24/2020,18:47,9,4,2,3,6,3,RECIEVED
a suscipit,98.141.17.190,1,08/06/2020,15:02,4,3,2,3,9,4,PROCESS
sed,44.144.93.153,1,03/24/2020,9:17,2,1,5,4,4,5,PROCESS
a nibh in quis,53.137.45.0,3,10/14/2020,11:24,9,4,2,3,10,2,RECIEVED
et eros,206.35.159.32,4,02/24/2021,10:38,3,3,3,4,2,1,RECIEVED
nulla,173.200.1.173,2,05/14/2020,8:30,3,2,7,4,3,1,PROCESS
nulla ac enim,202153132141,4,11/10/2020,0:30,4,2,8,4,1,3,RECIEVED
vel,232.223.64.11,2,02/08/2021,7:01,1,2,3,1,6,3,RECIEVED
velit nec nisi vulputate,226.213.53.158,1,08/17/2020,11:17,2,3,4,5,6,1,REQUESTED
semper est quam pharetra,127.165.130.57,1,01/17/2021,5:42,10,4,6,5,2,1,REQUESTED
justo nec condimentum neque,55.232.45.56,1,03/17/2021,19:49,3,4,2,3,1,1,PROCESS
semper interdum mauris,120.196.91.239,2,05/29/2020,6:25,10,3,5,4,9,5,DELIVERED
in tempor turpis,2.209.85.135,5,03/12/2021,9:12,1,3,1,4,6,2,PROCESS
at,208.24.47.131,1,09/04/2020,1:42,5,2,6,1,3,2,PROCESS
eget tincidunt eget,87.98.144.86,1,12/26/2020,2:56,8,1,6,1,3,1,REQUESTED
nascetur ridiculus mus vivamus,70.64.59.65,2,09/29/2020,11:50,2,3,10,5,9,2,DELIVERED
massa,250159219103,3,12/27/2020,5:25,4,1,6,1,4,4,PROCESS
mattis pulvinar nulla pede,222.155.248.80,5,06/01/2020,1:41,6,1,1,3,6,1,REQUESTED
convallis morbi odio odio,179.253.167.65,1,12/27/2020,17:09,2,3,10,2,9,5,REQUESTED
fusce lacus purus aliquet,108.6.32.124,3,09/10/2020,11:42,9,4,2,2,5,5,REQUESTED
ultrices aliquet maecenas,117.213.83.171,3,03/19/2021,13:23,3,1,9,2,2,1,REQUESTED
vitae ipsum,202.97.224.29,3,01/29/2021,1:26,4,4,8,3,5,5,PROCESS
etiam,135.35.34.193,1,09/19/2020,6:22,5,2,9,3,8,3,REQUESTED
urna pretium nisl,240.254.187.90,2,05/12/2020,18:48,3,5,10,4,8,1,RECIEVED
nec condimentum,55252110123,4,06/04/2020,5:17,4,2,7,2,3,1,REQUESTED
est donec odio,0.86.129.210,2,11/26/2020,1:55,1,4,3,4,2,2,DELIVERED
amet,215249117157,4,12/07/2020,16:23,2,2,10,4,6,5,RECIEVED
tempus semper,177.1.16.200,1,04/22/2020,16:23,4,4,3,5,1,2,RECIEVED
enim in tempor turpis,101179167181,5,02/25/2021,22:31,8,3,4,5,3,5,DELIVERED
lacinia,252216212118,4,07/07/2020,15:26,2,2,5,1,1,5,DELIVERED
luctus et,89.109.147.2,4,12/11/2020,10:46,1,3,5,4,7,1,REQUESTED
erat nulla tempus,225.70.190.176,2,07/24/2020,1:25,1,4,3,1,1,3,RECIEVED
nullam sit,166.228.68.144,4,12/18/2020,19:54,6,2,8,1,10,4,RECIEVED
lectus in quam fringilla,119.56.139.238,1,08/24/2020,1:42,6,1,5,5,6,5,RECIEVED
in,252.112.36.48,5,05/21/2020,6:54,5,4,9,4,3,2,REQUESTED
luctus et ultrices,85.203.147.71,1,08/14/2020,8:14,10,5,4,5,8,2,DELIVERED
cras,18.88.133.159,4,06/30/2020,10:12,1,4,5,3,2,1,RECIEVED
nunc rhoncus dui vel,55151140169,4,12/11/2020,22:41,3,5,8,5,10,4,RECIEVED
suscipit a,241226206183,2,03/24/2020,14:36,5,2,2,3,8,5,REQUESTED
volutpat dui maecenas tristique,239.79.9.24,5,08/30/2020,4:52,9,2,4,5,3,2,REQUESTED
quis tortor id,193.100.200.64,3,07/26/2020,2:37,4,3,5,1,9,1,DELIVERED
donec odio justo sollicitudin,194.76.238.222,5,04/26/2020,14:21,10,2,10,1,1,1,RECIEVED
lacus morbi sem,240.239.71.106,5,06/28/2020,23:49,7,3,3,4,1,2,REQUESTED
sagittis nam congue risus,255.223.76.132,4,02/23/2021,13:15,10,5,10,3,2,3,REQUESTED
ornare consequat lectus,193.24.169.186,3,11/24/2020,19:02,7,4,3,2,7,3,RECIEVED
bibendum,132.20.72.236,2,11/22/2020,19:30,2,5,8,1,1,4,REQUESTED
odio condimentum,151.16.123.254,3,09/22/2020,18:19,6,2,5,4,1,5,PROCESS
eros suspendisse accumsan tortor,110.154.27.16,5,05/01/2020,22:49,1,2,10,4,6,2,REQUESTED
elementum,117.18.107.212,3,01/05/2021,18:25,3,2,3,2,10,1,PROCESS
dapibus dolor,233167173250,5,05/14/2020,20:49,1,1,1,1,5,3,PROCESS
donec,108124122110,5,12/01/2020,22:54,10,2,3,3,10,3,REQUESTED
a feugiat et,119.225.85.103,2,02/12/2021,15:46,9,5,2,2,5,3,PROCESS
in hac habitasse,84.34.100.104,2,12/04/2020,4:01,1,2,9,1,1,2,DELIVERED
enim blandit,212.144.76.231,3,04/23/2020,3:03,7,1,2,1,1,1,RECIEVED
fusce consequat nulla,82109161233,5,07/26/2020,16:13,7,3,3,3,6,2,PROCESS
cras pellentesque volutpat,73.104.140.52,5,05/03/2020,15:32,4,4,9,4,9,3,PROCESS
nam congue risus semper,247.201.35.166,4,02/18/2021,16:18,6,1,10,1,2,4,PROCESS
interdum in ante,198157207253,3,09/15/2020,3:36,9,5,1,4,8,1,REQUESTED
vel est donec odio,66.1.237.46,3,08/03/2020,20:39,7,5,6,1,6,1,PROCESS
in lectus pellentesque,102247196189,2,01/01/2021,16:27,4,5,3,5,2,2,DELIVERED
amet nulla,0.166.248.84,2,07/28/2020,4:39,2,4,1,2,6,3,PROCESS
libero nam,68.150.90.9,1,09/01/2020,10:16,5,5,7,2,6,5,PROCESS
primis in faucibus,64189249158,5,07/15/2020,9:04,7,4,10,5,5,5,DELIVERED
a nibh in,41.62.227.156,3,01/14/2021,11:41,4,2,1,5,10,5,DELIVERED
fusce,183.53.156.250,4,03/02/2021,21:23,8,3,6,3,6,4,PROCESS
accumsan,85145221171,4,02/03/2021,6:21,8,3,2,4,1,5,PROCESS
viverra pede ac,187.13.109.51,3,05/14/2020,6:14,6,3,1,2,1,5,DELIVERED
at,19.129.67.37,2,12/07/2020,9:55,5,5,1,5,8,4,REQUESTED
sed tristique in,117.24.183.48,1,10/23/2020,7:56,1,1,10,2,2,4,RECIEVED
sapien varius ut blandit,118138234161,4,05/28/2020,11:01,3,3,4,3,7,5,DELIVERED
amet turpis,51.237.21.221,5,12/18/2020,10:57,10,1,8,4,6,3,DELIVERED
id nisl venenatis lacinia,163.111.28.191,1,03/20/2021,16:37,6,4,6,5,6,2,DELIVERED
pede malesuada in,68.67.37.86,2,01/23/2021,13:48,5,2,9,3,2,3,DELIVERED
eu felis fusce posuere,54188234206,4,01/16/2021,23:22,3,1,1,2,6,5,PROCESS
non,45.39.123.222,3,04/26/2020,13:02,1,5,1,2,4,4,PROCESS
neque aenean,206.117.72.7,5,09/13/2020,21:12,2,1,9,2,5,5,REQUESTED
sodales sed tincidunt eu,45.39.123.222,5,06/26/2020,23:14,9,4,5,1,1,2,PROCESS
non,133.0.49.180,4,10/16/2020,9:34,2,2,1,2,2,2,REQUESTED
mattis nibh ligula,6.165.18.11,4,07/02/2020,14:53,8,3,9,5,7,5,RECIEVED
diam erat fermentum,216.126.41.129,4,11/28/2020,19:58,1,2,4,5,3,3,RECIEVED
sed augue,236.83.184.128,2,11/30/2020,21:13,8,3,6,1,10,1,PROCESS
erat id mauris,8.161.139.79,4,06/08/2020,22:44,8,4,9,5,3,1,RECIEVED
aliquet,77.185.5.143,1,05/10/2020,4:34,8,3,8,2,1,4,REQUESTED
dis parturient montes nascetur,38.165.83.36,5,03/26/2020,23:41,1,2,8,1,1,2,RECIEVED
tincidunt nulla,18193160236,3,02/07/2021,17:00,10,1,7,5,6,1,RECIEVED
diam in magna bibendum,189180211156,3,05/01/2020,15:43,1,3,10,4,9,3,DELIVERED
lectus suspendisse potenti,182.67.144.210,3,08/14/2020,22:07,2,5,1,3,10,5,DELIVERED
tempus vel pede morbi,66156143147,4,08/06/2020,2:32,9,5,4,1,10,5,REQUESTED
mattis nibh ligula,50.1.215.137,3,01/24/2021,20:39,2,4,3,5,2,1,PROCESS
augue quam,120.54.237.229,4,06/08/2020,14:13,2,4,1,4,5,2,DELIVERED
nonummy maecenas tincidunt lacus,29.135.39.157,5,10/23/2020,13:45,7,2,6,5,4,5,PROCESS
enim,163.164.43.38,3,09/27/2020,8:23,10,1,4,1,2,1,PROCESS
phasellus sit amet erat,0.254.66.121,3,07/13/2020,0:41,8,2,3,3,2,2,DELIVERED
leo odio condimentum id,57.93.216.83,1,08/02/2020,3:45,10,5,5,1,2,3,REQUESTED
velit nec,102.191.148.36,2,05/14/2020,13:05,1,2,1,3,7,5,REQUESTED
suspendisse accumsan,156.187.212.0,1,01/06/2021,3:09,1,4,3,1,2,2,DELIVERED
vestibulum,78.242.65.169,1,06/30/2020,11:34,2,2,8,2,9,5,REQUESTED
sociis natoque penatibus et,246.67.98.217,5,01/08/2021,16:38,1,3,9,2,1,5,RECIEVED
est et tempus semper,80103145182,3,05/16/2020,8:33,1,2,8,1,9,4,REQUESTED
sociis natoque penatibus,141.248.178.19,1,07/26/2020,1:40,5,3,1,4,4,4,PROCESS
ut massa volutpat,147.165.44.51,5,09/18/2020,1:31,6,2,7,5,2,2,PROCESS
lectus suspendisse,188.3.133.140,5,12/15/2020,19:04,6,1,9,3,9,5,RECIEVED
faucibus orci luctus,190.236.82.76,1,07/03/2020,9:13,5,4,2,5,1,2,REQUESTED
posuere metus vitae ipsum,229.117.207.26,3,08/16/2020,22:06,5,4,1,4,4,2,RECIEVED
in,47.192.3.77,5,04/15/2020,20:23,4,3,3,4,5,2,REQUESTED
habitasse platea dictumst maecenas,174.29.106.83,1,06/26/2020,20:27,7,5,1,3,8,3,RECIEVED
justo,166.159.35.193,5,05/16/2020,20:50,6,4,9,5,1,5,RECIEVED
porttitor lorem,193.100.103.94,2,07/31/2020,16:47,8,1,7,4,2,1,PROCESS
libero quis,80233197134,5,12/09/2020,12:32,9,4,4,5,2,5,RECIEVED
aliquam erat volutpat,52.198.156.87,3,04/28/2020,7:59,9,5,1,5,6,3,DELIVERED
nec nisi volutpat eleifend,17124228103,2,03/27/2020,8:17,5,1,4,3,3,3,DELIVERED
in,194.206.47.93,4,01/29/2021,1:30,3,2,5,5,8,2,REQUESTED
etiam faucibus cursus urna,203.74.212.136,4,06/03/2020,10:01,10,3,4,2,5,5,PROCESS
sed ante,118138234161,1,02/25/2021,15:03,5,5,7,2,2,5,RECIEVED
platea,99.41.33.182,4,10/20/2020,21:45,3,3,5,5,10,1,REQUESTED
nisl duis,126.82.172.43,4,01/04/2021,5:10,8,1,2,1,8,5,PROCESS
sem praesent,103.62.53.114,5,02/07/2021,23:46,7,5,3,4,8,1,PROCESS
nulla sed accumsan,67.190.83.247,2,05/19/2020,13:47,9,5,10,1,1,5,RECIEVED
habitasse,232.84.162.129,2,08/02/2020,8:44,8,4,10,5,9,5,RECIEVED
quisque erat,128.170.166.89,3,01/26/2021,1:45,4,5,2,3,5,2,DELIVERED
nulla integer,207.181.62.83,4,07/27/2020,19:53,1,3,1,2,8,5,RECIEVED
felis donec semper,94.82.108.212,5,12/30/2020,20:25,5,3,6,5,3,1,REQUESTED
ipsum primis in faucibus,77.185.5.143,1,07/24/2020,5:16,3,1,9,5,4,2,PROCESS
duis mattis,146.202.45.32,3,10/07/2020,3:53,2,4,2,5,8,4,PROCESS
mus etiam vel augue,182151136138,2,06/25/2020,10:47,6,2,3,1,9,4,REQUESTED
placerat ante,202.140.140.59,5,04/10/2020,17:50,3,4,2,2,6,4,RECIEVED
cubilia curae nulla dapibus,194.206.47.93,5,10/07/2020,23:30,7,1,10,3,3,1,REQUESTED
amet consectetuer adipiscing elit,40.194.87.135,4,02/02/2021,22:04,1,2,7,4,2,2,DELIVERED
a pede posuere nonummy,209.113.69.172,1,10/30/2020,15:52,1,5,1,3,9,1,REQUESTED
aliquam,254121183190,4,08/08/2020,16:56,2,4,10,1,5,5,RECIEVED
in,250.31.164.141,5,04/04/2020,9:27,9,1,3,2,5,4,REQUESTED
pellentesque ultrices phasellus,22.2.254.143,5,09/22/2020,6:19,3,5,3,3,4,4,DELIVERED
in tempor,100.182.5.56,1,10/31/2020,22:09,2,3,4,1,10,2,REQUESTED
suscipit,38224101109,3,02/23/2021,9:52,4,5,3,1,9,3,RECIEVED
eget eleifend luctus,96248185123,5,07/20/2020,2:00,3,2,10,2,5,4,REQUESTED
proin at,253.58.212.190,4,05/20/2020,5:48,5,3,4,1,3,5,REQUESTED
a libero nam,131.195.192.56,5,08/28/2020,8:44,8,3,8,4,8,3,DELIVERED
velit,62180237230,4,04/03/2020,15:11,3,5,6,4,5,1,RECIEVED
et ultrices posuere,175115247204,2,05/16/2020,16:59,2,3,3,1,7,5,DELIVERED
nullam varius nulla facilisi,139.193.90.212,4,08/21/2020,12:30,8,3,5,1,3,5,PROCESS
primis in,248.70.212.165,3,10/28/2020,17:34,2,4,10,4,8,3,PROCESS
in libero,209.15.210.92,3,07/11/2020,0:57,3,3,10,3,7,5,RECIEVED
condimentum,200138222123,2,12/10/2020,23:58,1,5,10,3,2,3,PROCESS
sapien placerat ante,92239167254,2,08/21/2020,14:07,1,3,10,5,4,5,REQUESTED
purus phasellus in,244176164245,5,07/20/2020,13:11,6,4,4,3,6,5,RECIEVED
quis turpis eget elit,93.70.56.205,3,10/08/2020,23:49,5,2,9,4,2,3,REQUESTED
volutpat,136.45.213.38,2,03/23/2020,11:15,1,1,3,4,8,1,DELIVERED
porttitor,2.179.72.104,2,07/20/2020,10:40,3,1,9,3,3,3,REQUESTED
tincidunt in leo maecenas,33.92.98.126,1,09/06/2020,20:35,10,1,9,1,3,1,PROCESS
ullamcorper purus sit,216.7.243.80,2,09/03/2020,21:31,4,5,10,2,8,1,REQUESTED
tincidunt in,46238116101,1,12/10/2020,15:32,5,3,5,2,7,5,RECIEVED
ultrices phasellus id sapien,163.111.28.191,2,04/23/2020,20:47,7,3,1,3,2,2,DELIVERED
nascetur ridiculus mus,181.110.0.102,5,05/27/2020,10:44,8,2,5,4,6,1,PROCESS
nisl duis bibendum,29165229102,2,06/23/2020,1:02,1,3,3,2,3,3,DELIVERED
mauris lacinia,230.52.84.60,3,07/08/2020,19:42,8,1,5,1,8,1,DELIVERED
orci mauris lacinia,59.238.164.23,4,02/20/2021,14:49,1,1,3,1,1,5,DELIVERED
nunc donec quis,15.21.179.14,5,02/03/2021,11:23,2,5,9,2,3,2,RECIEVED
vestibulum ante ipsum,104.207.188.57,1,08/09/2020,2:09,4,1,3,4,5,1,DELIVERED
cras pellentesque volutpat,117.213.83.171,2,08/04/2020,17:14,4,3,3,2,5,4,DELIVERED
donec,5.208.209.43,2,01/21/2021,10:20,2,3,8,3,1,5,REQUESTED
nulla integer pede,193.38.252.249,1,06/26/2020,17:57,4,5,9,1,8,4,REQUESTED
consectetuer,139.128.54.169,3,10/10/2020,21:18,8,3,2,5,3,1,REQUESTED
gravida nisi at nibh,23216208225,2,10/14/2020,23:14,4,4,6,4,10,1,RECIEVED
amet justo,105.163.109.59,5,12/13/2020,1:08,10,2,1,3,4,5,REQUESTED
vitae,232.71.102.209,4,07/28/2020,5:06,3,3,4,5,2,3,RECIEVED
proin at,98.252.75.138,4,10/17/2020,21:11,7,5,9,5,4,1,PROCESS
potenti nullam porttitor,91.56.20.195,4,12/09/2020,10:07,10,3,5,1,7,4,REQUESTED
augue quam sollicitudin vitae,51.128.9.251,2,10/02/2020,3:22,4,1,4,5,10,4,DELIVERED
at velit eu,86.20.153.140,1,10/09/2020,5:09,2,3,10,2,10,4,REQUESTED
vulputate nonummy maecenas tincidunt,251.114.60.24,5,02/08/2021,7:20,8,4,3,5,7,1,DELIVERED
ac lobortis vel dapibus,165.199.31.193,3,08/30/2020,4:48,10,4,6,2,4,5,REQUESTED
aliquam augue,199.31.137.196,2,01/12/2021,3:13,8,4,1,2,4,1,RECIEVED
nulla ac,172119233187,5,03/15/2021,11:43,2,1,1,4,2,4,RECIEVED
tellus,254.168.39.171,1,01/05/2021,2:30,1,1,9,1,8,2,RECIEVED
aliquam sit amet,134.136.33.27,2,08/06/2020,7:41,3,4,10,2,8,1,REQUESTED
penatibus,123155142186,1,08/10/2020,5:21,7,2,1,4,4,5,PROCESS
vitae,117.3.47.65,5,07/11/2020,22:16,8,2,6,4,8,2,REQUESTED
dui,152.30.37.10,3,01/19/2021,11:23,9,1,3,3,8,1,RECIEVED
in imperdiet et,41.160.107.23,1,03/17/2021,21:02,8,1,7,1,5,4,DELIVERED
in felis eu,52.48.129.7,4,07/03/2020,11:24,9,2,10,2,6,1,DELIVERED
orci eget,204.59.73.3,4,01/28/2021,1:48,1,1,1,1,5,1,REQUESTED
sodales,55151140169,2,02/23/2021,21:14,2,2,3,4,4,2,REQUESTED
rutrum ac lobortis,73.143.168.37,1,05/04/2020,14:58,9,1,3,2,6,2,REQUESTED
phasellus id sapien in,255.91.34.10,4,03/24/2020,0:19,8,2,8,1,1,4,REQUESTED
fusce posuere felis,207.181.62.83,5,10/18/2020,8:50,9,5,7,2,4,5,REQUESTED
libero,163.71.106.137,4,09/10/2020,15:32,3,3,10,5,1,4,REQUESTED
est donec,139.178.17.91,5,12/16/2020,9:02,4,5,1,3,2,3,PROCESS
est congue elementum in,110.241.95.199,1,02/02/2021,11:25,5,1,5,3,9,3,REQUESTED
porttitor,83.5.55.194,3,05/24/2020,7:13,4,3,9,1,2,3,PROCESS
a odio in hac,2.179.72.104,1,09/04/2020,16:27,10,3,2,5,8,2,DELIVERED
odio in hac habitasse,77.131.32.212,3,02/03/2021,10:22,2,5,7,3,7,5,RECIEVED
duis aliquam,30.76.238.241,5,01/17/2021,14:11,9,5,4,3,1,2,PROCESS
convallis,243144235169,4,07/18/2020,10:34,8,2,2,2,9,3,DELIVERED
magnis dis,111253205203,2,01/25/2021,0:45,8,1,9,1,1,3,REQUESTED
sollicitudin ut suscipit,227.119.182.51,2,04/21/2020,0:47,9,3,2,5,7,4,DELIVERED
ut blandit non interdum,73.104.140.52,5,03/23/2020,16:36,7,2,4,1,4,4,DELIVERED
sem mauris laoreet,166.37.73.213,5,01/09/2021,21:35,5,3,1,4,2,4,RECIEVED
sed tristique,60.165.45.27,5,01/16/2021,5:56,4,5,9,2,2,2,PROCESS
integer ac neque,38224101109,3,07/22/2020,22:48,8,4,10,2,9,1,DELIVERED
nibh fusce lacus purus,151208255231,1,11/28/2020,19:22,6,2,9,4,2,4,PROCESS
orci pede,161.152.29.206,2,05/18/2020,13:40,2,2,1,2,10,4,PROCESS
maecenas,198.147.72.105,2,10/31/2020,18:48,10,4,2,5,5,3,RECIEVED
vulputate ut,70.64.59.65,5,09/06/2020,23:38,3,4,4,4,2,1,PROCESS
aenean auctor gravida sem,133.143.38.97,2,08/25/2020,0:03,6,5,9,5,9,5,PROCESS
convallis duis,31.223.10.213,3,02/09/2021,23:48,6,3,1,5,2,5,REQUESTED
ante vel ipsum,165.199.31.193,4,10/29/2020,1:58,2,2,7,5,8,4,REQUESTED
vivamus vel nulla eget,226205171123,5,11/04/2020,17:11,6,1,4,2,7,2,DELIVERED
luctus,22.193.79.19,2,07/12/2020,23:44,5,3,7,4,7,2,PROCESS
vel augue vestibulum ante,168.255.69.128,1,07/20/2020,12:27,6,1,9,4,8,5,DELIVERED
tristique,162229178131,1,11/01/2020,11:19,2,5,2,4,8,3,PROCESS
est,248.64.47.109,4,05/26/2020,5:38,2,5,7,1,8,3,RECIEVED
nec nisi volutpat,191.95.86.1,1,06/24/2020,13:49,10,1,3,2,6,2,REQUESTED
tincidunt in leo maecenas,128.254.2.98,4,02/01/2021,8:49,8,2,10,1,4,1,RECIEVED
etiam faucibus,21.110.43.163,2,01/12/2021,6:10,8,4,8,5,3,1,REQUESTED
suscipit,4.27.119.232,3,03/22/2020,14:14,4,2,6,2,8,4,RECIEVED
sit amet cursus id,233.112.197.4,3,07/01/2020,13:22,3,5,9,4,9,3,DELIVERED
viverra eget,199.44.249.63,3,05/05/2020,16:36,9,5,2,5,10,5,REQUESTED
vivamus,139.230.144.74,5,01/21/2021,21:51,4,4,4,2,2,1,DELIVERED
varius ut blandit,75.18.144.91,3,06/21/2020,1:33,1,3,6,2,7,2,RECIEVED
in,66.149.56.14,3,07/19/2020,4:58,10,1,8,1,2,4,RECIEVED
venenatis,248.202.214.98,5,06/17/2020,13:55,8,3,4,3,2,5,DELIVERED
risus semper porta volutpat,38.161.164.67,1,12/14/2020,6:51,8,3,6,1,10,5,REQUESTED
nec condimentum neque sapien,179.151.2.106,1,05/05/2020,0:07,2,3,10,2,8,5,DELIVERED
nec euismod scelerisque quam,116.9.33.8,1,02/02/2021,10:53,2,2,8,4,6,4,DELIVERED
ultrices mattis,218.138.243.82,2,07/12/2020,12:11,6,5,8,1,8,5,PROCESS
porttitor pede,227.131.138.13,3,06/11/2020,22:09,5,5,1,2,7,3,REQUESTED
tincidunt ante vel ipsum,219.190.242.55,3,03/17/2021,6:42,4,1,2,3,1,4,RECIEVED
est,165.174.36.191,1,09/21/2020,10:24,3,5,8,2,7,2,RECIEVED
cubilia curae,91191126131,3,01/01/2021,15:01,2,2,6,1,1,2,DELIVERED
ante vivamus,238.8.9.177,1,12/02/2020,19:24,8,1,7,4,6,2,PROCESS
eget elit sodales scelerisque,152.100.96.198,1,08/17/2020,17:32,5,4,10,4,7,5,DELIVERED
odio condimentum id,252177135208,5,02/23/2021,22:37,9,4,6,5,10,2,RECIEVED
quis turpis,51.117.82.85,3,10/25/2020,17:01,4,3,10,4,3,2,PROCESS
vestibulum vestibulum ante,76.4.247.4,4,12/15/2020,21:12,6,2,8,5,6,3,RECIEVED
elementum nullam varius nulla,202.97.224.29,3,02/19/2021,12:45,9,5,8,4,2,3,PROCESS
leo odio,128.170.166.89,3,06/08/2020,21:45,9,3,1,4,1,1,DELIVERED
quisque arcu,231.187.138.82,4,01/22/2021,5:50,9,5,2,1,10,1,REQUESTED
gravida sem praesent,68.231.32.146,2,01/15/2021,11:59,8,1,8,2,1,1,RECIEVED
primis in,192.140.209.87,5,10/05/2020,22:43,5,1,9,4,4,1,RECIEVED
morbi,20131247169,1,10/12/2020,19:25,8,4,3,4,2,2,DELIVERED
ridiculus,137.89.18.178,3,01/30/2021,23:20,6,1,4,4,5,3,PROCESS
pellentesque,232.24.141.186,3,01/16/2021,12:26,4,2,3,4,10,3,DELIVERED
ullamcorper,79.47.67.121,5,11/08/2020,20:32,6,5,7,3,2,5,PROCESS
lobortis,89.30.60.200,3,11/27/2020,23:53,3,5,7,5,10,3,PROCESS
erat,147200188158,3,03/11/2021,12:27,5,4,8,4,8,4,RECIEVED
ac consequat metus sapien,60.73.238.1,3,10/22/2020,21:13,1,4,3,4,1,5,REQUESTED
nonummy integer,210.240.85.138,1,06/22/2020,3:47,10,5,9,5,10,1,DELIVERED
dapibus nulla,239.55.133.95,2,08/27/2020,11:29,6,4,5,4,6,3,DELIVERED
morbi odio odio,8.212.163.43,4,05/01/2020,21:05,9,1,4,4,7,2,REQUESTED
cras in,145248153242,5,05/24/2020,9:34,2,2,10,4,7,2,RECIEVED
dictumst,193.123.88.157,3,12/05/2020,9:34,1,2,8,4,2,2,PROCESS
cursus vestibulum proin,161.152.29.206,3,02/04/2021,19:11,9,3,4,5,4,1,RECIEVED
nisi nam ultrices libero,23.112.55.162,1,09/04/2020,15:27,4,4,4,3,4,5,RECIEVED
habitasse,100.113.77.169,4,10/15/2020,10:35,2,3,1,5,1,3,DELIVERED
pulvinar sed nisl nunc,215.16.37.15,5,08/03/2020,4:35,4,2,2,3,1,5,PROCESS
mauris viverra diam,247155105109,5,06/16/2020,12:57,9,3,9,1,8,4,REQUESTED
orci nullam molestie nibh,204.151.14.209,1,05/23/2020,16:55,1,2,4,5,3,4,REQUESTED
blandit nam nulla,99.3.101.87,4,11/02/2020,22:18,7,3,5,1,10,4,DELIVERED
mattis pulvinar,239.221.73.134,4,11/02/2020,4:18,3,3,10,4,5,3,PROCESS
in ante vestibulum,203.199.138.37,2,02/21/2021,23:41,9,2,9,4,1,5,DELIVERED
proin at turpis,57.231.20.128,3,08/20/2020,18:15,10,4,9,1,10,3,REQUESTED
vestibulum,73.143.168.37,5,01/18/2021,12:49,8,5,2,3,8,5,DELIVERED
vivamus vel nulla eget,171188190229,5,09/07/2020,7:39,4,4,10,2,2,5,DELIVERED
pede posuere,236.96.65.234,2,12/23/2020,18:10,8,4,9,1,6,4,RECIEVED
velit,161.2.108.55,5,09/23/2020,14:15,7,2,10,2,5,1,RECIEVED
non mattis pulvinar nulla,50.1.215.137,3,05/20/2020,23:16,5,3,7,3,3,5,PROCESS
purus,29.46.247.63,1,08/29/2020,21:24,1,5,2,4,8,3,DELIVERED
id,152.30.156.51,5,09/28/2020,3:09,10,3,2,2,3,1,RECIEVED
in hac habitasse platea,232.18.70.247,5,09/07/2020,10:06,10,4,1,1,1,4,DELIVERED
ridiculus,168.255.69.128,2,09/17/2020,3:39,6,5,3,1,5,5,DELIVERED
eget tincidunt eget tempus,178201138116,1,08/16/2020,16:31,4,3,6,3,8,2,DELIVERED
nunc nisl duis bibendum,236.83.184.128,3,04/06/2020,1:51,6,1,10,2,5,3,DELIVERED
nulla,222.134.6.57,3,09/26/2020,11:55,10,4,4,1,10,5,RECIEVED
justo nec condimentum,154.9.18.106,5,05/22/2020,5:14,5,5,7,5,1,5,DELIVERED
cras non velit nec,13.158.24.126,5,08/22/2020,10:38,8,4,2,2,1,2,REQUESTED
velit id pretium,64.181.110.3,4,03/04/2021,17:04,2,2,7,3,9,5,PROCESS
donec,59.27.126.251,2,02/17/2021,0:24,8,3,8,5,9,4,RECIEVED
enim,17105114186,3,07/23/2020,5:36,7,5,8,4,5,4,RECIEVED
ut massa quis,226.83.208.182,2,10/01/2020,20:43,4,4,4,3,3,2,PROCESS
porttitor pede justo,4126147157,3,05/11/2020,3:52,8,3,6,2,3,5,PROCESS
magna vulputate,61.204.25.12,2,02/18/2021,2:17,9,5,10,3,10,2,DELIVERED
vel pede morbi,160174202162,4,12/14/2020,2:37,8,1,10,4,1,4,DELIVERED
pede ullamcorper,210.240.85.138,5,12/06/2020,0:22,2,2,4,1,1,1,RECIEVED
velit donec,216.126.41.129,4,06/23/2020,9:04,6,5,7,5,9,3,PROCESS
pretium nisl ut,64149114171,4,03/26/2020,10:39,3,3,2,5,1,1,RECIEVED
nulla mollis molestie,253.51.196.208,5,04/07/2020,6:19,2,2,3,3,8,2,DELIVERED
dui maecenas tristique,202114205128,2,02/24/2021,10:23,7,5,1,1,6,5,RECIEVED
libero,128.254.2.98,1,05/28/2020,10:54,2,3,10,5,3,2,PROCESS
ut,87227171195,5,01/24/2021,4:06,5,2,4,3,6,4,REQUESTED
vivamus vel nulla,54.45.7.20,1,12/01/2020,21:20,10,1,5,2,5,5,PROCESS
odio curabitur,2.63.105.15,5,02/08/2021,2:50,8,2,6,4,2,2,RECIEVED
non lectus aliquam sit,94.1.239.162,3,07/05/2020,16:55,8,3,8,4,1,2,REQUESTED
sapien,188203224124,3,05/30/2020,20:59,4,3,9,1,1,1,DELIVERED
gravida sem,6.202.186.60,4,06/22/2020,8:43,2,5,5,5,5,2,PROCESS
sagittis nam,147.14.192.227,5,08/16/2020,4:17,6,5,3,1,5,4,DELIVERED
donec,208.0.175.7,5,10/06/2020,0:09,1,5,5,4,9,3,PROCESS
erat eros viverra eget,151.95.245.98,4,05/14/2020,12:42,6,3,6,1,9,5,REQUESTED
vitae mattis nibh ligula,128.232.216.70,2,03/01/2021,23:57,6,2,9,3,8,1,REQUESTED
nulla,209.35.58.67,1,10/18/2020,0:46,4,1,7,5,3,4,REQUESTED
integer ac leo,29.46.247.63,5,04/14/2020,3:45,8,3,10,3,2,2,RECIEVED
integer pede justo,209.9.28.37,2,10/19/2020,17:00,6,3,1,5,10,2,RECIEVED
arcu adipiscing molestie,18193160236,2,09/17/2020,12:41,2,5,8,3,7,2,PROCESS
ut ultrices vel,167.195.49.164,5,01/07/2021,11:54,1,1,1,3,1,5,RECIEVED
cursus urna ut tellus,254.10.40.218,5,11/10/2020,20:59,3,1,4,5,3,2,DELIVERED
aliquet maecenas leo,247155105109,1,06/01/2020,12:40,6,4,5,5,1,3,PROCESS
curabitur convallis duis consequat,231128145145,1,12/09/2020,10:44,8,5,1,2,8,3,RECIEVED
turpis a pede,13.247.67.78,1,10/15/2020,7:23,1,5,8,3,5,2,PROCESS
ridiculus mus,233202245214,3,10/17/2020,6:19,7,1,1,5,9,3,RECIEVED
pretium,179.69.230.191,4,09/08/2020,23:15,9,5,6,2,8,5,DELIVERED
at turpis,86.125.150.97,1,02/22/2021,19:19,6,5,5,1,9,3,DELIVERED
semper est quam,65116121117,2,04/18/2020,11:52,1,1,10,4,1,1,PROCESS
suscipit nulla elit,62.254.210.42,3,03/27/2020,14:45,5,5,3,5,8,4,REQUESTED
convallis,44.63.249.8,4,10/08/2020,17:25,8,3,4,3,9,1,PROCESS
eu felis,125.239.97.171,5,03/25/2020,7:38,8,3,7,3,6,3,REQUESTED
justo,203.199.138.37,1,05/23/2020,9:43,9,1,7,2,7,1,PROCESS
augue vestibulum rutrum rutrum,188.80.139.198,3,05/09/2020,4:43,8,2,9,4,6,4,RECIEVED
eu tincidunt,136.32.43.99,4,03/24/2020,1:52,2,2,4,5,6,3,PROCESS
est et,162.78.61.118,5,10/15/2020,4:48,9,4,7,3,2,2,REQUESTED
turpis adipiscing,87137135226,5,11/03/2020,8:27,5,4,8,1,9,5,REQUESTED
mi nulla ac enim,23189191194,3,03/01/2021,9:31,5,2,4,5,10,1,PROCESS
ornare imperdiet sapien urna,167.156.235.11,3,01/03/2021,21:19,6,4,4,5,9,3,REQUESTED
nullam sit amet,156.31.50.177,3,07/04/2020,21:18,9,1,6,2,7,3,RECIEVED
lorem id ligula,138173229136,5,04/19/2020,11:01,5,5,8,5,1,1,PROCESS
non,69.29.174.51,5,12/08/2020,19:40,4,3,6,5,4,2,RECIEVED
venenatis,155.5.107.160,3,03/03/2021,2:28,10,2,2,4,5,4,RECIEVED
erat curabitur gravida,227.10.179.229,1,12/12/2020,12:16,8,5,6,1,3,2,DELIVERED
vestibulum rutrum rutrum,246.189.25.192,3,06/01/2020,20:00,6,3,2,4,7,4,RECIEVED
nisi venenatis,216.7.243.80,1,07/07/2020,17:12,7,4,5,4,2,3,REQUESTED
augue quam,13.158.24.126,3,04/20/2020,19:10,3,2,1,2,5,3,DELIVERED
lectus aliquam,154.15.27.97,5,09/30/2020,20:50,5,5,10,4,8,4,RECIEVED
risus praesent lectus vestibulum,157.54.166.243,5,08/30/2020,21:49,4,5,7,2,7,4,PROCESS
potenti cras,220206209116,2,09/29/2020,4:08,9,4,5,5,2,5,REQUESTED
lobortis convallis,175.214.95.182,5,01/19/2021,12:04,5,5,3,2,2,5,PROCESS
vulputate elementum nullam,239.55.133.95,4,11/18/2020,6:52,10,5,10,4,6,5,DELIVERED
mus,101226224100,1,11/18/2020,5:09,2,1,2,3,8,4,REQUESTED
convallis nunc proin,250.87.139.3,4,03/01/2021,15:42,4,1,8,2,2,4,REQUESTED
odio cras,173.176.177.1,3,07/29/2020,3:42,4,5,3,2,7,4,RECIEVED
donec,249.106.22.87,2,06/01/2020,16:32,9,5,1,3,10,5,REQUESTED
in,38.24.8.40,3,03/26/2020,5:48,8,4,5,5,1,2,REQUESTED
eu est congue elementum,239.139.8.231,5,01/15/2021,3:58,4,2,10,1,2,1,PROCESS
proin risus,244.77.134.252,1,10/19/2020,15:27,6,3,5,5,5,2,RECIEVED
id nulla,182.102.101.99,2,08/16/2020,15:19,9,5,6,5,2,1,RECIEVED
vulputate elementum nullam varius,47182193122,4,12/26/2020,0:57,6,1,9,3,7,1,REQUESTED
vel,29117212166,3,08/16/2020,20:34,5,2,9,2,9,2,RECIEVED
viverra,52.110.4.223,1,12/19/2020,6:24,6,4,3,1,1,3,PROCESS
vestibulum aliquet,206.35.159.32,1,08/22/2020,15:30,10,4,6,3,7,4,REQUESTED
congue elementum in hac,7.16.212.204,2,07/11/2020,19:13,1,1,1,1,7,4,PROCESS
amet diam in,120.252.25.180,4,08/09/2020,14:15,1,4,5,3,2,3,REQUESTED
ut rhoncus aliquet pulvinar,204.195.13.222,1,09/14/2020,8:48,2,3,3,4,10,2,REQUESTED
accumsan,196.203.95.41,1,08/25/2020,14:46,2,5,1,2,6,4,PROCESS
odio consequat varius,13.67.197.33,5,11/29/2020,6:32,6,1,4,5,9,1,PROCESS
quis lectus suspendisse potenti,224.205.148.66,2,03/27/2020,13:53,6,4,10,5,9,1,REQUESTED
nulla neque libero,176189208213,3,02/13/2021,17:23,10,5,6,2,2,5,RECIEVED
dapibus at diam,162.78.61.118,1,11/12/2020,14:53,3,1,5,1,3,1,RECIEVED
luctus ultricies eu,85187145173,3,04/20/2020,1:10,10,2,2,4,3,1,PROCESS
quisque id justo sit,120.196.91.239,1,09/13/2020,16:39,6,5,5,5,1,3,RECIEVED
at nibh in hac,132243255176,2,08/21/2020,15:40,10,1,3,2,4,2,RECIEVED
nulla,54144206185,3,11/30/2020,0:36,4,3,6,2,1,4,DELIVERED
quam sapien varius,250.201.74.9,4,06/02/2020,18:42,2,5,10,5,2,3,PROCESS
donec,207212207114,2,08/03/2020,5:04,1,3,6,3,9,5,RECIEVED
odio,74.223.77.152,3,01/05/2021,12:51,6,2,9,4,3,1,DELIVERED
accumsan felis ut at,215.29.142.204,1,12/27/2020,4:51,1,5,2,1,8,5,RECIEVED
posuere metus vitae ipsum,194226125193,3,05/15/2020,16:15,1,2,1,3,6,2,DELIVERED
faucibus orci luctus,167.2.86.223,2,11/12/2020,9:21,8,5,6,2,3,2,REQUESTED
et magnis,144.71.16.48,5,07/20/2020,10:23,9,3,5,1,1,4,PROCESS
auctor sed tristique in,154.9.18.106,1,02/12/2021,21:33,2,5,9,5,9,1,RECIEVED
vitae consectetuer eget rutrum,135129182171,1,12/07/2020,8:15,5,4,2,1,3,2,PROCESS
ultricies eu,45.165.83.88,1,09/21/2020,22:58,2,5,2,2,7,4,REQUESTED
rhoncus sed vestibulum,0.218.175.5,5,04/04/2020,8:59,6,5,5,3,5,2,RECIEVED
turpis integer aliquet massa,123.38.196.118,4,08/29/2020,3:56,8,3,5,5,10,5,REQUESTED
blandit ultrices,243212185220,5,07/13/2020,1:12,7,5,9,1,4,5,RECIEVED
ipsum aliquam non,166.159.35.193,2,07/11/2020,18:50,10,4,2,5,6,2,DELIVERED
vestibulum ante,81.112.13.166,4,12/07/2020,22:59,2,3,10,4,2,2,REQUESTED
nulla ac enim,109.29.89.251,5,12/17/2020,16:21,1,1,2,1,6,5,REQUESTED
quis tortor id nulla,38239175150,4,06/09/2020,6:30,7,5,5,1,3,3,RECIEVED
turpis integer,236.96.65.234,1,05/11/2020,0:23,8,4,5,1,2,4,RECIEVED
enim sit amet nunc,43.73.103.93,3,04/07/2020,12:58,5,3,1,2,1,1,DELIVERED
cursus id turpis,53208159211,3,10/06/2020,4:37,5,3,7,2,8,5,PROCESS
mattis,166.108.6.154,2,10/14/2020,12:21,10,4,10,3,7,3,RECIEVED
ac tellus,85.70.207.25,2,08/17/2020,22:57,2,4,2,5,6,3,PROCESS
habitasse platea,209.113.69.172,5,11/02/2020,19:58,5,2,1,3,6,4,PROCESS
lobortis vel dapibus at,145.215.105.25,2,11/04/2020,21:04,6,2,7,4,5,4,PROCESS
ut blandit non interdum,9.188.113.42,2,02/16/2021,22:12,10,4,6,2,9,5,DELIVERED
nibh in,137.217.41.41,5,05/12/2020,8:54,1,2,9,5,8,4,PROCESS
nam,38.165.25.148,5,06/23/2020,4:03,10,2,4,2,5,2,RECIEVED
dictumst maecenas,88.78.215.43,4,04/03/2020,14:47,7,2,5,3,1,5,PROCESS
quisque id justo,26.118.18.221,1,03/16/2021,1:40,10,5,10,2,8,5,RECIEVED
risus auctor,70213195153,1,11/05/2020,1:07,4,2,8,2,10,1,DELIVERED
arcu,65116121117,4,10/18/2020,8:38,6,2,4,3,8,5,DELIVERED
magnis dis parturient montes,158.92.231.140,3,03/19/2021,18:05,1,1,9,3,5,2,PROCESS
morbi ut odio,64.58.231.201,1,03/14/2021,6:21,6,3,8,1,10,1,PROCESS
nec,156.14.27.119,4,03/24/2020,16:59,1,5,10,3,3,4,PROCESS
vitae nisl aenean,100.182.5.56,4,12/02/2020,5:06,6,2,5,4,9,2,RECIEVED
posuere,15.240.151.10,3,09/16/2020,6:10,6,5,5,5,5,5,PROCESS
at,236.96.65.234,5,02/20/2021,18:31,8,5,3,2,8,1,REQUESTED
primis in faucibus orci,222.171.9.219,1,09/15/2020,2:06,9,3,9,1,9,1,REQUESTED
rutrum nulla tellus in,238.68.133.171,5,03/04/2021,15:07,4,5,1,1,5,1,REQUESTED
vel,9.188.113.42,2,03/24/2020,2:13,7,3,4,3,8,2,PROCESS
vulputate nonummy,91217245144,5,07/29/2020,23:12,3,3,3,1,10,5,REQUESTED
amet nulla quisque,243.80.130.205,5,05/16/2020,13:36,3,1,9,3,9,2,REQUESTED
rutrum ac lobortis,17121132185,1,10/09/2020,1:35,7,3,10,1,1,4,RECIEVED
semper,36.58.113.165,3,01/02/2021,20:42,9,1,9,4,2,2,DELIVERED
ultrices posuere cubilia,218.236.96.134,2,03/03/2021,12:24,3,3,1,4,8,3,DELIVERED
donec,17.60.161.202,2,03/18/2021,4:58,6,5,1,3,10,3,REQUESTED
consequat morbi a,72.152.248.52,4,09/22/2020,19:00,5,1,6,1,2,5,RECIEVED
cras in purus eu,219.65.66.33,4,07/02/2020,3:00,7,3,6,1,2,5,REQUESTED
lobortis sapien,125.79.176.101,2,01/18/2021,22:18,3,5,3,4,7,5,REQUESTED
vehicula,213.239.65.111,5,02/12/2021,14:57,1,4,2,4,10,3,DELIVERED
primis,116.71.120.142,5,06/14/2020,7:06,6,4,5,3,5,5,PROCESS
in,4.27.119.232,3,05/20/2020,20:44,6,3,1,2,2,5,PROCESS
adipiscing elit,240.183.1.53,5,09/20/2020,6:24,7,3,2,3,8,1,REQUESTED
porta volutpat,240143149136,5,02/12/2021,19:18,3,3,8,4,6,5,RECIEVED
tempor convallis nulla neque,120.252.25.180,1,10/21/2020,17:40,9,1,2,1,6,4,RECIEVED
nec nisi volutpat,18.149.214.82,2,04/06/2020,4:21,9,5,1,5,7,4,PROCESS
enim sit,76.55.72.24,2,07/06/2020,5:16,6,3,1,3,4,4,DELIVERED
lacus,235.123.62.134,2,08/04/2020,20:08,8,1,6,5,3,5,REQUESTED
est donec odio,160.172.57.111,1,05/15/2020,15:21,4,4,9,4,2,1,DELIVERED
nulla justo,179.69.176.74,5,09/13/2020,14:19,9,3,8,5,10,4,DELIVERED
at diam,6.116.92.249,1,06/22/2020,11:33,1,2,3,5,9,1,RECIEVED
in est risus auctor,184.127.44.11,3,03/12/2021,17:03,10,1,3,5,9,5,PROCESS
quis turpis eget elit,20248200206,3,09/04/2020,22:09,9,4,6,5,2,3,PROCESS
enim sit amet,204.195.13.222,5,11/23/2020,6:17,5,5,6,5,10,4,REQUESTED
rhoncus aliquet,138.5.217.17,2,04/20/2020,2:15,10,2,7,3,9,4,RECIEVED
turpis integer aliquet massa,165.217.138.96,3,07/07/2020,21:57,1,5,5,5,8,4,PROCESS
duis ac nibh,193185116243,5,06/19/2020,6:06,2,1,9,2,3,4,PROCESS
quis justo,23.112.55.162,4,08/14/2020,22:28,9,5,4,5,9,4,PROCESS
dis,98159123217,5,10/09/2020,23:30,10,3,8,3,9,3,REQUESTED
imperdiet,239.139.8.231,4,11/14/2020,16:21,5,1,9,4,7,5,RECIEVED
turpis,41.21.155.246,3,12/03/2020,14:05,9,1,4,5,5,3,PROCESS
nulla eget,243144235169,2,03/14/2021,21:12,5,5,9,4,1,2,DELIVERED
nullam,132.79.155.45,3,11/02/2020,0:41,3,2,4,3,2,1,PROCESS
at ipsum ac,125.79.176.101,1,06/05/2020,15:01,9,5,9,1,8,5,DELIVERED
consequat in,101226224100,2,05/22/2020,6:50,3,2,2,5,7,5,PROCESS
rutrum neque,90226124189,1,10/23/2020,16:48,4,4,6,2,7,5,REQUESTED
est donec odio,45.39.123.222,2,06/09/2020,10:12,2,5,3,4,6,1,DELIVERED
vestibulum ante,170.159.55.28,5,08/24/2020,4:58,4,5,1,2,7,4,DELIVERED
lobortis sapien,198.143.217.3,3,05/06/2020,22:12,6,5,2,3,7,4,RECIEVED
sapien ut nunc vestibulum,242.112.244.60,1,02/06/2021,2:31,9,3,4,4,1,5,RECIEVED
ut massa volutpat convallis,168.55.118.140,5,06/14/2020,5:54,7,5,3,2,5,5,DELIVERED
diam nam tristique tortor,37148119174,5,03/16/2021,11:58,1,3,5,4,7,2,REQUESTED
habitasse platea,191.20.176.230,3,12/15/2020,0:59,1,4,9,1,5,5,DELIVERED
at velit,242.36.182.74,2,10/06/2020,4:17,6,5,6,5,4,4,PROCESS
luctus,229.27.110.32,5,10/21/2020,4:32,4,5,9,1,3,4,RECIEVED
in sagittis,53.198.215.57,3,07/30/2020,23:09,9,3,3,3,10,5,RECIEVED
augue a suscipit,219.65.66.33,1,10/20/2020,9:26,9,3,7,1,9,2,DELIVERED
proin leo,103.44.108.155,2,04/10/2020,10:38,7,3,5,3,4,3,REQUESTED
in tempor turpis,58.25.87.170,1,01/08/2021,22:23,9,4,9,1,9,5,REQUESTED
sed ante vivamus,125.239.97.171,5,02/28/2021,20:20,2,2,8,4,3,1,REQUESTED
vulputate,82.93.81.125,2,09/25/2020,21:54,5,1,8,2,2,1,PROCESS
amet,36127133230,5,02/12/2021,16:31,10,5,2,2,10,5,RECIEVED
arcu,192.110.90.100,4,03/11/2021,11:38,1,1,9,4,4,4,RECIEVED
vestibulum ac est,55.30.33.74,3,09/27/2020,10:56,5,3,2,1,8,5,RECIEVED
maecenas,91180162225,5,04/29/2020,6:54,4,5,5,3,8,1,PROCESS
a suscipit nulla elit,230.52.84.60,4,07/21/2020,2:29,7,1,6,4,1,1,PROCESS
nulla,129.71.49.8,5,03/16/2021,6:58,2,3,5,1,4,4,REQUESTED
justo sollicitudin ut suscipit,32.161.60.191,3,09/09/2020,14:53,9,5,4,3,5,5,RECIEVED
orci,60.73.238.1,4,12/06/2020,15:58,6,3,5,2,7,5,RECIEVED
posuere,56.9.131.149,3,06/12/2020,19:11,5,1,3,5,10,5,RECIEVED
ultrices,78.91.193.140,2,09/21/2020,17:35,2,2,9,1,3,1,DELIVERED
est et tempus semper,144.187.122.88,2,04/03/2020,21:49,8,5,6,5,6,4,DELIVERED
vitae nisi,28108254122,5,06/10/2020,5:47,9,1,3,1,5,2,RECIEVED
