name,creatorRef,lastEditRef,price
Wiberg Super Cure,001,003,19
Numi - Assorted Teas,002,002,28
Lettuce - Frisee,003,001,63
"Beets - Candy Cane, Organic",001,003,75
Tuna - Bluefin,005,001,9
Rice - Wild,003,004,11
Chinese Foods - Thick Noodles,005,003,31
"Cheese - Cheddar, Old White",003,003,44
Soup Campbells Turkey Veg.,003,001,21
Bag Clear 10 Lb,004,001,74
Bread Country Roll,002,003,46
"Cheese - Brie, Triple Creme",002,003,74
"Soup - Campbells, Lentil",002,005,75
"Oregano - Dry, Rubbed",004,005,91
Pastry - Apple Large,001,002,53
Knife Plastic - White,002,005,86
Pepper - Red Thai,003,002,43
"Cheese - Brie, Cups 125g",004,001,27
Sauce - Thousand Island,005,002,24
Shrimp - 31/40,002,001,75
Langers - Cranberry Cocktail,002,001,51
Wine - Savigny - Les - Beaune,001,004,91
Lobster - Base,002,003,59
"7up Diet, 355 Ml",003,005,81
Lobster - Cooked,004,004,27
"Veal - Round, Eye Of",001,002,74
Table Cloth 120 Round White,002,002,25
"Oil - Food, Lacquer Spray",001,004,9
"Bread - Pita, Mini",001,001,95
Sobe - Lizard Fuel,001,001,4
"Bread - Sticks, Thin, Plain",005,005,34
True - Vue Containers,002,005,89
Flour Dark Rye,003,005,88
Dill Weed - Fresh,004,001,93
Beef - Short Ribs,001,005,40
Soup Bowl Clear 8oz92008,001,002,55
Egg - Salad Premix,003,005,94
Straw - Regular,001,005,56
"Soup - Campbells, Chix Gumbo",004,005,43
"Soup - Cream Of Broccoli, Dry",002,005,49
"Split Peas - Yellow, Dry",004,002,39
Sausage - Breakfast,004,005,48
"Liners - Banana, Paper",002,005,43
Gatorade - Lemon Lime,003,002,6
"Nut - Walnut, Chopped",001,005,66
Cheese Cheddar Processed,003,002,45
"Soup - Beef Conomme, Dry",001,005,56
Rice - Aborio,001,004,17
Juice - Lagoon Mango,001,003,67
Coffee - French Vanilla Frothy,003,005,77
Chocolate Bar - Reese Pieces,005,002,16
Dehydrated Kelp Kombo,001,002,67
Coffee - Almond Amaretto,002,004,34
"Star Anise, Whole",005,001,10
Squid - Tubes / Tenticles 10/20,004,005,38
"Brownies - Two Bite, Chocolate",005,001,97
Creme De Menthe Green,003,003,14
Bamboo Shoots - Sliced,002,002,34
Sprite - 355 Ml,003,005,81
"Tart Shells - Sweet, 3",002,004,47
Coffee - Decafenated,002,005,39
Sauce - Rosee,003,001,29
Puree - Guava,001,003,89
Swordfish Loin Portions,003,004,8
Ham - Cooked Italian,003,001,41
Jello - Assorted,004,003,96
Nectarines,004,005,74
Hinge W Undercut,003,002,30
Mangostein,003,001,37
Garlic - Elephant,001,003,85
Pears - Anjou,003,004,92
Apricots - Dried,002,002,3
Juice - Orange 1.89l,004,003,67
Truffle Cups Green,003,001,21
"Soup - Knorr, Classic Can. Chili",001,001,54
Canada Dry,001,003,50
"Carrots - Mini, Stem On",005,002,92
Baking Powder,003,004,41
Milk - 1%,003,004,71
Fond - Neutral,004,003,52
Avocado,001,002,47
Veal - Nuckle,001,002,75
Wine - Jafflin Bourgongone,001,004,26
Bread - Bistro Sour,005,004,26
Scallops - In Shell,005,002,69
"Soup - Campbells, Creamy",001,004,88
Filter - Coffee,002,004,14
Carrots - Jumbo,005,004,20
"Quail - Eggs, Fresh",005,005,74
Scallops - Live In Shell,002,002,41
Nescafe - Frothy French Vanilla,005,003,26
Soupfoamcont12oz 112con,004,003,70
"Beef - Baby, Liver",003,003,5
Langers - Mango Nectar,004,004,44
Energy Drink Bawls,005,004,65
Pork - Ground,003,005,29
Lemonade - Pineapple Passion,004,001,18
Pork - Backfat,003,003,67
Swiss Chard - Red,003,001,50
"Beans - Kidney, Red Dry",003,004,69
"Tart Shells - Sweet, 4",005,003,48
Alize Red Passion,005,003,1
Turnip - Wax,001,004,45
Sugar - Brown,001,004,87
Gherkin - Sour,004,005,10
"Crush - Grape, 355 Ml",001,001,30
Duck - Fat,003,002,35
Pomegranates,005,001,67
"Beef - Roasted, Cooked",004,004,66
"Soup - Knorr, French Onion",004,002,8
Cranberries - Dry,005,004,43
Mushroom - Chanterelle Frozen,004,002,67
Coriander - Seed,002,005,95
Beer - Fruli,002,003,35
Pear - Prickly,003,005,4
Dish Towel,003,003,53
The Pop Shoppe - Cream Soda,004,005,20
Peas Snow,003,003,71
Salt - Table,002,004,17
"Potatoes - Yukon Gold, 80 Ct",004,005,10
Coffee - Espresso,004,002,42
"Brownies - Two Bite, Chocolate",001,001,42
Muffin Mix - Lemon Cranberry,002,005,64
Soup - Campbells Chicken,001,001,39
Chicken Breast Wing On,005,003,70
Soup Knorr Chili With Beans,002,003,88
"Beef - Ox Tongue, Pickled",004,002,89
Scotch - Queen Anne,005,004,40
Assorted Desserts,004,001,99
Cake - Mini Cheesecake,002,002,52
Hinge W Undercut,003,001,13
Crab - Soft Shell,004,001,92
"Wine - White, Chardonnay",003,004,32
Ecolab - Ster Bac,002,004,20
Sherry - Dry,005,003,89
"Cheese - Brie, Triple Creme",004,005,94
Lettuce - California Mix,001,004,35
Icecream Bar - Del Monte,002,005,84
Mustard - Dijon,004,004,98
Steampan Lid,002,001,82
"Rosemary - Primerba, Paste",002,003,30
"Bread - White, Sliced",004,003,1
Ham - Procutinni,003,005,12
Pork Salted Bellies,004,001,58
Potato - Sweet,005,001,62
Ketchup - Tomato,002,001,20
Soup - Campbells Chili,005,001,52
Shiro Miso,003,003,86
Pepper - Yellow Bell,001,005,92
Waffle Stix,004,003,83
Breakfast Quesadillas,003,004,7
Wine - Sake,005,001,21
Wine - Peller Estates Late,005,003,71
Cocoa Feuilletine,002,001,46
Corn Meal,005,004,8
"Pasta - Spaghetti, Dry",002,003,60
Shrimp - Black Tiger 13/15,001,004,62
Cheese - Comtomme,004,001,66
Chocolate - White,003,001,92
Eggroll,001,003,18
Coffee - Ristretto Coffee Capsule,004,004,70
Bandage - Flexible Neon,005,004,27
"Wine - White, Chardonnay",002,002,90
Beef Flat Iron Steak,004,001,34
Cheese - Brick With Pepper,005,003,70
Irish Cream - Butterscotch,003,001,94
"7up Diet, 355 Ml",001,003,57
"Beef - Tenderlion, Center Cut",004,004,97
Veal - Ground,004,002,20
Wine - Cabernet Sauvignon,001,001,66
"Lentils - Red, Dry",001,004,53
Cornflakes,004,005,25
Bread - Raisin Walnut Pull,001,004,67
"Bar Mix - Pina Colada, 355 Ml",003,004,19
"Beans - Fava, Canned",004,001,15
French Kiss Vanilla,001,005,83
Pepper - Gypsy Pepper,002,004,19
Cake - Cheese Cake 9 Inch,005,003,23
Energy Drink - Franks Pineapple,001,005,57
Cheese - Brie,002,001,88
Devonshire Cream,004,002,98
Rabbit - Whole,001,004,30
Cookie Double Choco,005,002,26
Wine - Wyndham Estate Bin 777,002,003,96
Onion Powder,004,002,43
"Split Peas - Yellow, Dry",002,002,88
Versatainer Nc - 8288,004,004,9
"Bread - Multigrain, Loaf",004,003,70
Quinoa,001,002,95
Tea - Herbal - 6 Asst,001,005,14
Appetizer - Sausage Rolls,005,004,66
Spic And Span All Purpose,002,003,100
"Pasta - Cannelloni, Sheets, Fresh",002,003,20
"Potatoes - Purple, Organic",001,004,35
Pears - Anjou,005,002,60
Bread - Flat Bread,005,005,66
Flower - Daisies,004,001,46
Flower - Dish Garden,002,001,55
Fruit Mix - Light,001,005,65
Towel - Roll White,002,001,30
Pears - Fiorelle,005,002,21
Teriyaki Sauce,003,002,56
Wine - Sicilia Igt Nero Avola,003,004,60
Horseradish Root,004,002,12
Sprouts - Baby Pea Tendrils,005,001,25
Pastry - Trippleberry Muffin - Mini,004,001,76
V8 - Vegetable Cocktail,003,003,6
"Wine - Red, Lurton Merlot De",005,002,43
Potatoes - Idaho 80 Count,003,002,32
Wine - Baron De Rothschild,001,001,4
Longos - Penne With Pesto,001,001,100
Tumeric,001,003,53
"Bread - Bagels, Mini",003,004,91
Numi - Assorted Teas,004,005,60
Vaccum Bag 10x13,003,001,100
Oysters - Smoked,004,002,92
Wine - Pinot Noir Pond Haddock,005,001,88
Shallots,005,003,68
Oil - Grapeseed Oil,004,004,12
Apricots Fresh,005,001,70
Truffle Paste,003,002,50
Mcgillicuddy Vanilla Schnap,003,004,94
Sausage - Andouille,003,003,62
Sugar - Cubes,005,005,28
Oven Mitt - 13 Inch,003,003,43
French Kiss Vanilla,001,003,57
"Soup - Campbells, Butternut",003,004,81
Beer - Upper Canada Light,003,005,44
Banana - Leaves,003,003,86
Muffin - Blueberry Individual,001,005,66
Turnip - Mini,004,004,79
"Pineapple - Canned, Rings",001,005,38
Chocolate - Milk Coating,004,002,46
Compound - Passion Fruit,005,005,39
Papadam,005,004,14
Puree - Mocha,005,002,27
Towel Multifold,003,002,43
"Sauce - Bernaise, Mix",005,002,67
"Rice Pilaf, Dry,package",002,002,98
Island Oasis - Sweet And Sour Mix,005,002,85
Cheese - Camembert,003,001,59
Cheese - Brie,003,004,20
"Wine - Red, Black Opal Shiraz",001,004,49
"Ice - Clear, 300 Lb For Carving",005,005,50
Carbonated Water - Peach,001,003,17
Crab - Meat,004,002,56
Compound - Mocha,002,002,51
Chocolate - Liqueur Cups With Foil,002,005,35
Wine - Montecillo Rioja Crianza,002,001,43
Wine - Valpolicella Masi,004,002,79
"Sprite, Diet - 355ml",005,001,15
Energy Drink - Redbull 355ml,002,005,17
Puree - Blackcurrant,003,002,85
Beef - Salted,003,003,35
Gelatine Leaves - Bulk,005,005,22
Graham Cracker Mix,001,001,86
Honey - Comb,001,001,41
Pur Source,004,001,96
Hagen Daza - Dk Choocolate,004,004,86
Ecolab - Power Fusion,002,003,53
Soup Knorr Chili With Beans,004,005,32
Fenngreek Seed,004,005,70
"Trout - Rainbow, Frozen",001,001,58
"Doilies - 8, Paper",003,001,73
"Beans - Turtle, Black, Dry",001,005,90
Beef Flat Iron Steak,004,001,26
Lamb - Whole Head Off,005,003,62
"Chicken - White Meat, No Tender",002,004,88
Chick Peas - Canned,003,004,89
Knife Plastic - White,001,004,14
Ham - Proscuitto,005,005,24
Bread - Assorted Rolls,003,002,50
Mix - Cappucino Cocktail,005,001,82
Muffin - Mix - Creme Brule 15l,001,002,94
Tobasco Sauce,002,005,68
Tamarillo,001,005,29
Roe - Flying Fish,001,004,7
Wine - Mondavi Coastal Private,001,001,65
Beer - Guiness,001,005,3
Kiwi,004,004,86
Wine - Casillero Del Diablo,004,001,65
Onions - Green,001,001,16
Chives - Fresh,002,002,93
Appetizer - Shrimp Puff,004,002,88
"Pork - Bacon, Double Smoked",003,005,53
"Pasta - Lasagne, Fresh",001,004,34
Rambutan,005,002,16
Rootbeer,005,005,72
Parsley - Dried,004,001,69
Tomato - Peeled Italian Canned,005,003,21
Madeira,004,003,79
Sauerkraut,002,001,71
Pepper - Red Bell,005,004,7
Coffee Cup 16oz Foam,005,001,53
Sauce - Balsamic Viniagrette,004,004,73
Crab - Meat,003,005,51
Pumpkin - Seed,002,002,32
Transfer Sheets,005,003,91
Muffin - Mix - Bran And Maple 15l,005,004,83
Garam Masala Powder,005,003,90
Food Colouring - Blue,002,004,41
"Croissant, Raw - Mini",001,002,21
"Yogurt - Banana, 175 Gr",001,002,8
Broom And Broom Rack White,001,002,68
Bonito Flakes - Toku Katsuo,004,005,65
Snapple - Iced Tea Peach,001,004,49
"Beans - Long, Chinese",002,003,39
"Juice - Apple, 1.36l",004,003,52
Cheese - Cheddarsliced,004,004,5
Bag - Regular Kraft 20 Lb,005,002,97
Quail - Jumbo,001,005,80
Nescafe - Frothy French Vanilla,004,001,65
"Beef - Chuck, Boneless",005,004,7
Wine - Delicato Merlot,001,002,89
Potatoes - Idaho 80 Count,005,002,87
Basil - Seedlings Cookstown,005,005,79
Puree - Raspberry,001,005,62
Chicken - Soup Base,005,004,14
Hersey Shakes,005,002,20
Cardamon Ground,002,002,2
"Vermouth - Sweet, Cinzano",005,005,39
Nutmeg - Ground,002,001,57
Sweet Pea Sprouts,002,003,53
Pepper - Red Chili,002,005,79
Lid Coffeecup 12oz D9542b,004,005,7
Thyme - Dried,002,001,94
Oil - Safflower,004,002,94
Salt - Table,005,005,90
Dc - Frozen Momji,004,003,89
Evaporated Milk - Skim,003,003,53
Wine - Pinot Noir Latour,001,004,42
Lettuce - Frisee,004,003,74
"Beef - Baby, Liver",001,001,66
Shrimp - Black Tiger 6 - 8,001,002,51
Grapes - Red,002,005,41
"Syrup - Monin, Swiss Choclate",001,004,70
Soup - Campbells Chili,002,002,14
V8 Pet,003,005,82
Milk - Homo,005,004,53
Chocolate - Sugar Free Semi Choc,004,005,82
Oysters - Smoked,005,002,54
Ketchup - Tomato,003,001,100
"Halibut - Whole, Fresh",004,001,13
"Jam - Strawberry, 20 Ml Jar",004,001,36
Halibut - Fletches,005,005,9
"Crab - Claws, 26 - 30",001,005,98
Sword Pick Asst,005,001,96
"Bar Mix - Pina Colada, 355 Ml",004,003,6
Bagelers,004,004,5
Juice - Orange 1.89l,002,001,23
"Doilies - 8, Paper",002,004,52
Flour - Bread,003,004,73
Apron,002,002,4
Tea - Orange Pekoe,004,005,53
Baking Soda,004,005,31
Wine - Riesling Dr. Pauly,004,001,66
Spaghetti Squash,001,001,62
"Mushrooms - Black, Dried",005,004,18
Sobe - Lizard Fuel,005,002,11
"Lettuce - Mini Greens, Whole",001,002,62
"Soup - Knorr, Country Bean",004,001,71
Cheese - Parmigiano Reggiano,004,001,7
Cleaner - Bleach,001,005,35
Celery,003,003,18
Island Oasis - Raspberry,003,003,8
Nescafe - Frothy French Vanilla,005,001,11
Fuji Apples,005,005,85
Cookie Dough - Chocolate Chip,004,003,39
Pepper - Sorrano,003,003,75
Pea - Snow,001,002,79
Cookies Cereal Nut,003,001,28
"Wine - Red, Marechal Foch",005,002,39
Oats Large Flake,004,005,17
Basil - Thai,005,002,6
Cinnamon Buns Sticky,001,002,16
Bandage - Fexible 1x3,005,001,42
Pear - Halves,005,005,14
Pork - European Side Bacon,004,005,51
"Beef - Chuck, Boneless",003,004,16
Allspice - Jamaican,004,003,31
Wiberg Cure,002,001,45
"Cherries - Bing, Canned",003,005,64
Cookie Trail Mix,004,002,12
Garam Marsala,001,004,62
Tea - Decaf 1 Cup,005,002,59
Turkey Leg With Drum And Thigh,002,004,13
"Schnappes - Peach, Walkers",005,004,55
"Oil - Olive, Extra Virgin",001,002,42
Oil - Olive,004,004,61
Pastry - Plain Baked Croissant,001,002,61
Extract - Almond,002,004,5
Spinach - Spinach Leaf,003,001,28
Initation Crab Meat,002,001,73
"Syrup - Monin, Swiss Choclate",005,003,52
Baking Soda,001,001,34
"Juice - Apple, 500 Ml",002,003,61
Coffee - Frthy Coffee Crisp,002,002,63
Chocolate - Milk,001,005,53
Nut - Pumpkin Seeds,002,003,70
Pork - Caul Fat,004,001,4
Bread - French Stick,002,004,12
Pepper - Sorrano,001,002,15
Wine - Fat Bastard Merlot,004,005,58
"Carrots - Purple, Organic",002,005,17
Tuna - Salad Premix,004,003,12
Calvados - Boulard,005,004,81
Scallops 60/80 Iqf,004,003,9
Beef - Tender Tips,002,001,30
Oats Large Flake,003,001,90
"Stock - Veal, White",002,003,22
Ecolab - Mikroklene 4/4 L,004,005,42
Bread - Petit Baguette,002,001,6
Pie Shell - 5,005,004,75
Seedlings - Clamshell,005,005,54
Dates,005,002,47
Wine - Rubyport,005,001,73
Hinge W Undercut,003,004,54
Beer - Paulaner Hefeweisse,001,005,71
Chips - Assorted,005,005,9
Island Oasis - Magarita Mix,002,003,66
Spinach - Baby,005,004,15
Bagelers - Cinn / Brown Sugar,005,004,53
Bread - Sour Batard,003,004,49
Tilapia - Fillets,003,002,60
Nutmeg - Ground,004,005,63
Table Cloth 62x114 White,002,003,26
Glaze - Clear,003,002,65
Grenadine,003,002,74
"Glass - Wine, Plastic, Clear 5 Oz",002,002,49
True - Vue Containers,001,002,32
Coffee Beans - Chocolate,001,005,86
"Beef - Cooked, Corned",005,005,51
Tea - Jasmin Green,004,002,37
Chicken - Wieners,001,004,37
"Wine - Magnotta - Red, Baco",001,003,85
Calypso - Lemonade,002,001,43
Beans - Fine,001,002,44
Melon - Cantaloupe,004,001,88
Plate Foam Laminated 9in Blk,001,005,67
Gherkin - Sour,003,003,21
Milk - Buttermilk,001,002,75
Bread - Flat Bread,003,005,69
Potatoes - Parissienne,005,004,80
"Bread - Roll, Canadian Dinner",004,003,4
Energy Drink - Franks Original,001,003,26
Turkey Tenderloin Frozen,001,002,86
Longos - Chicken Wings,001,005,13
Tomatoes - Yellow Hot House,001,005,100
Flavouring - Raspberry,002,001,66
Pepper - Red Chili,003,005,18
"Turkey - Breast, Boneless Sk On",005,001,91
"Beef - Rib Roast, Cap On",003,004,64
Truffle Paste,002,004,70
Wine - Wyndham Estate Bin 777,002,003,32
Tea - Jasmin Green,001,002,78
Veal - Slab Bacon,001,001,11
Chips - Miss Vickies,003,001,66
Napkin - Beverage 1 Ply,001,003,63
Fudge - Cream Fudge,002,003,3
"Nut - Pine Nuts, Whole",002,002,68
Stock - Fish,004,002,19
"Oil - Food, Lacquer Spray",002,003,77
Foil Wrap,001,005,25
Lettuce - Iceberg,004,002,97
Bread Country Roll,003,004,54
Tarragon - Fresh,005,003,76
"Pail - 4l White, With Handle",001,002,16
Watercress,001,004,9
Energy Drink - Redbull 355ml,001,005,52
Soup - Cream Of Broccoli,005,001,23
Sauce - Demi Glace,005,002,99
Sour Puss Sour Apple,005,005,12
"Pasta - Penne, Rigate, Dry",005,004,66
Lamb - Ground,005,003,3
Plate Pie Foil,004,001,35
"Lid - 10,12,16 Oz",002,005,26
Watercress,003,003,42
"Turkey - Breast, Boneless Sk On",001,004,90
Bagel - Everything,003,004,58
Cream - 35%,005,005,88
"Pork - Bacon, Double Smoked",004,002,30
Eggplant - Asian,005,003,32
Greens Mustard,002,003,18
Container - Foam Dixie 12 Oz,005,001,66
Beer - Sleemans Honey Brown,003,005,37
Wine - Conde De Valdemar,002,001,92
Truffle Cups - Red,002,002,35
Wine - Coteaux Du Tricastin Ac,001,003,24
Beer - True North Lager,004,003,37
Wine - Chardonnay South,005,001,81
"Beef - Bones, Marrow",001,004,71
Pumpkin,002,005,21
Cumin - Whole,002,003,77
Pie Shells 10,004,004,43
Pastry - Carrot Muffin - Mini,004,004,95
Muffin Mix - Morning Glory,001,002,39
"Nut - Pine Nuts, Whole",002,002,18
Dome Lid Clear P92008h,005,003,91
Corn - Mini,004,005,1
"Pineapple - Canned, Rings",004,005,70
"Cup - 6oz, Foam",002,003,24
Wine - Barolo Fontanafredda,003,004,79
Puree - Passion Fruit,005,005,42
"Sole - Dover, Whole, Fresh",004,004,15
Limes,005,001,35
Green Tea Refresher,002,004,41
"Soup - Cream Of Broccoli, Dry",005,004,31
Cranberries - Fresh,001,003,40
"Turkey - Breast, Bone - In",003,005,17
Cabbage - Red,002,004,86
Bread Ww Cluster,002,002,44
Anchovy In Oil,002,001,62
Sugar - Invert,002,002,19
Aspic - Clear,004,004,43
Beer - Muskoka Cream Ale,001,005,9
Cheese - Grana Padano,004,003,8
Lidsoupcont Rp12dn,003,004,9
Sword Pick Asst,001,001,82
Bananas,005,001,39
Flower - Leather Leaf Fern,001,004,40
Aspic - Light,004,002,25
Jolt Cola - Red Eye,002,005,18
"Ham - Smoked, Bone - In",003,005,37
Flounder - Fresh,004,002,81
"Pork - Chop, Frenched",002,003,23
Glass Clear 7 Oz Xl,003,005,10
Syrup - Monin - Granny Smith,001,003,43
Flavouring - Rum,005,002,47
Pastry - Choclate Baked,003,001,31
Container - Foam Dixie 12 Oz,005,001,37
Wine - Ej Gallo Sierra Valley,005,002,86
Muffin - Blueberry Individual,004,002,1
Lettuce Romaine Chopped,001,002,92
Garam Masala Powder,003,003,40
"Lemonade - Strawberry, 591 Ml",002,004,78
Water - Tonic,005,005,22
Lid Coffeecup 12oz D9542b,003,003,62
"Tart Shells - Sweet, 2",005,002,2
Calypso - Black Cherry Lemonade,002,002,2
Towel - Roll White,004,004,36
Potatoes - Mini White 3 Oz,003,005,40
Wine - Peller Estates Late,004,001,52
Beef Flat Iron Steak,004,004,64
The Pop Shoppe - Root Beer,005,004,53
Wine - Fino Tio Pepe Gonzalez,002,002,77
Chips - Assorted,005,003,65
Pork - Smoked Kassler,001,003,5
Sour Cream,001,004,36
Appetizer - Mango Chevre,002,002,78
"Bread - Bagels, Plain",002,002,36
Tomatoes Tear Drop Yellow,005,005,96
Sauce - Fish 25 Ozf Bottle,003,004,98
Muffin Puck Ww Carrot,005,001,99
"Pasta - Cappellini, Dry",002,005,13
Duck - Legs,004,003,45
Ice Cream - Life Savers,004,001,25
Bar Mix - Lime,004,004,56
Longos - Chicken Cordon Bleu,002,003,54
Stock - Fish,003,005,89
"Lemonade - Strawberry, 591 Ml",005,001,41
Bread - Burger,005,001,52
Ecolab Crystal Fusion,002,002,85
Melon - Honey Dew,004,002,87
Lychee,003,004,45
Beets,004,001,85
Oil - Cooking Spray,005,005,72
Raspberries - Fresh,005,004,23
Cheese - Parmesan Grated,001,001,34
Island Oasis - Sweet And Sour Mix,005,004,90
Parsnip,005,002,94
Nacho Chips,002,005,74
Venison - Liver,001,002,61
"Pepper - White, Ground",004,004,57
"Pasta - Fusili, Dry",004,001,57
Longos - Chicken Caeser Salad,001,004,69
"Pork - Bacon, Sliced",005,004,63
Squash - Butternut,003,004,67
Kellogs Special K Cereal,001,002,73
Fireball Whisky,004,004,82
Soup - Verve - Chipotle Chicken,002,002,10
Garlic - Elephant,001,004,42
Sugar - Brown,002,001,84
Pepper - Green,005,002,49
Yoghurt Tubes,005,003,5
Beef - Texas Style Burger,001,001,30
Truffle - Peelings,005,004,10
Jagermeister,004,001,69
Cheese - Pied De Vents,003,005,39
Water - Green Tea Refresher,004,001,69
Tamarind Paste,005,002,85
Muffin Mix - Chocolate Chip,001,005,55
Garbage Bag - Clear,005,004,23
Garam Marsala,004,002,92
Irish Cream - Baileys,001,003,77
Sproutsmustard Cress,004,004,53
Chinese Foods - Cantonese,003,005,76
Wine - Rhine Riesling Wolf Blass,004,002,53
Puree - Kiwi,002,004,15
Jameson Irish Whiskey,001,003,51
Bar Special K,002,002,89
Soup - Base Broth Beef,002,001,14
"Nut - Peanut, Roasted",003,001,10
Spice - Montreal Steak Spice,003,005,8
Towel Multifold,002,003,44
Tomatoes - Roma,002,005,54
Tomatoes - Hot House,003,001,41
Cheese - Wine,002,004,8
"Pasta - Fettuccine, Egg, Fresh",001,003,17
Salt - Table,005,003,99
Pepper - Gypsy Pepper,001,002,5
Soup - Campbells Beef Noodle,003,004,9
"Pork - Bacon,back Peameal",004,005,26
Cup - 4oz Translucent,003,005,55
Wine - Marlbourough Sauv Blanc,002,003,7
Spic And Span All Purpose,001,002,31
Sauce - Alfredo,004,004,10
Beef - Tenderloin,005,004,16
Alize Red Passion,005,004,95
"Yogurt - Banana, 175 Gr",003,001,42
Bread Cranberry Foccacia,002,005,35
Lid Coffeecup 12oz D9542b,003,005,53
Cilantro / Coriander - Fresh,004,003,66
Pork - Bacon Cooked Slcd,003,001,19
Muffin Mix - Morning Glory,003,005,67
Celery Root,002,001,49
Dried Cranberries,004,001,42
"Nut - Walnut, Pieces",004,005,3
Berry Brulee,004,001,29
Turnip - White,001,001,98
Icecream - Dstk Strw Chseck,003,001,43
Vodka - Smirnoff,005,001,94
Water - Spring Water 500ml,001,005,6
"Jam - Strawberry, 20 Ml Jar",005,001,70
Puree - Guava,003,004,15
Sardines,004,001,12
Juice - Prune,004,003,58
"Juice - Grape, White",002,002,80
Slt - Individual Portions,003,003,60
Bread - Olive Dinner Roll,001,001,66
Beef - Short Loin,001,003,32
Yeast Dry - Fleischman,004,005,32
Wine - Rhine Riesling Wolf Blass,003,005,7
Avocado,002,002,40
Sproutsmustard Cress,004,002,18
"Soup - Knorr, Veg / Beef",001,004,85
Cheese - Asiago,002,002,65
Soup Campbells Turkey Veg.,004,003,15
Monkfish - Fresh,001,005,91
Bandage - Finger Cots,005,002,9
Vol Au Vents,002,005,71
Bacardi Breezer - Tropical,001,004,35
Munchies Honey Sweet Trail Mix,005,003,8
"Bread - Rolls, Rye",003,003,32
Veal - Loin,002,002,100
Cream - 18%,004,005,61
Sauce - Alfredo,005,005,67
Rice - Sushi,005,005,33
Wine - Sauvignon Blanc,004,004,42
Ostrich - Fan Fillet,003,005,26
Wine - Pinot Noir Mondavi Coastal,002,004,2
Salmon - Sockeye Raw,004,005,26
Longos - Chicken Cordon Bleu,003,004,98
Pear - Halves,002,004,95
Eggs - Extra Large,004,005,16
Bagel - Whole White Sesame,005,002,90
Island Oasis - Mango Daiquiri,004,002,58
"Beef - Bones, Marrow",004,001,62
"Pineapple - Canned, Rings",003,003,72
Juice - Lagoon Mango,005,002,98
Higashimaru Usukuchi Soy,004,003,70
Wine - Two Oceans Sauvignon,005,001,34
"Fish - Scallops, Cold Smoked",005,005,63
Tea - Jasmin Green,003,004,86
Filo Dough,001,003,1
"Lid - 10,12,16 Oz",001,002,69
Cassis,005,004,88
Wine - Winzer Krems Gruner,001,004,32
Corn - On The Cob,005,002,13
Oregano - Fresh,004,004,83
Ham - Proscuitto,001,003,20
Oil - Grapeseed Oil,004,003,53
"Pasta - Orzo, Dry",004,001,40
Muffin Chocolate Individual Wrap,005,003,4
Shrimp - 31/40,005,001,51
Foam Espresso Cup Plain White,001,002,55
Wine - Gewurztraminer Pierre,005,003,89
Beef - Salted,004,002,27
Magnotta Bel Paese Red,001,003,46
Crackers - Soda / Saltins,002,004,100
Ostrich - Fan Fillet,003,005,94
Lettuce - Boston Bib,004,004,52
Steamers White,003,001,38
White Fish - Filets,005,002,89
Bacardi Raspberry,002,004,60
Ice Cream Bar - Hageen Daz To,005,005,50
Cabbage - Green,001,005,93
Ice Cream Bar - Oreo Sandwich,005,002,1
Irish Cream - Butterscotch,003,001,46
Assorted Desserts,001,004,56
"Nut - Pine Nuts, Whole",001,005,4
Tea Peppermint,005,005,53
Orange Roughy 4/6 Oz,004,005,9
Cherries - Frozen,004,003,31
Chips - Doritos,002,002,83
Salt - Sea,002,005,88
Tomato - Plum With Basil,003,004,11
Curry Powder Madras,002,002,69
"Pepper - Julienne, Frozen",004,005,69
Tomatoes,003,002,55
Steampan Lid,002,002,43
"Rum - Cream, Amarula",005,002,6
Salt - Table,005,001,64
Limes,004,002,44
Wine - Crozes Hermitage E.,003,001,96
Miso - Soy Bean Paste,003,004,8
Sauce - Rosee,003,004,14
Milk - 2% 250 Ml,004,002,80
Everfresh Products,004,001,34
Mace Ground,002,002,24
Muffin Mix - Carrot,004,003,18
Beer - Moosehead,003,002,89
Halibut - Steaks,001,005,70
Liners - Baking Cups,001,005,18
Chinese Foods - Chicken,002,004,33
Gloves - Goldtouch Disposable,001,004,51
Corn - Mini,002,002,85
Island Oasis - Lemonade,004,002,57
Bag - Regular Kraft 20 Lb,003,004,37
Chicken - Leg / Back Attach,002,001,91
Sugar - Splenda Sweetener,002,002,38
Pie Shells 10,001,005,59
Juice - Orangina,002,003,62
Instant Coffee,004,003,54
Ham - Black Forest,005,004,32
Bread Base - Gold Formel,004,004,77
"Shrimp - Baby, Cold Water",004,005,51
Sobe - Lizard Fuel,004,002,13
"Chicken - Diced, Cooked",002,002,87
Pastry - Trippleberry Muffin - Mini,004,001,77
"Syrup - Monin, Swiss Choclate",005,005,37
"Basil - Primerba, Paste",001,005,98
Pastry - Baked Scones - Mini,001,005,76
"Pasta - Orzo, Dry",003,001,29
Cheese - Augre Des Champs,002,004,69
Coffee - Irish Cream,001,005,72
Oregano - Fresh,001,004,34
Pastry - Cheese Baked Scones,001,005,72
"Split Peas - Yellow, Dry",004,004,56
Potatoes - Pei 10 Oz,005,004,99
"Pasta - Canelloni, Single Serve",001,005,26
"Cod - Salted, Boneless",004,001,93
"Lemonade - Natural, 591 Ml",005,003,42
Wine - Spumante Bambino White,004,001,6
Campari,005,002,28
Juice - Orange 1.89l,004,004,36
Lemon Balm - Fresh,004,004,46
Skewers - Bamboo,001,002,13
Pepper - Red Bell,001,001,81
Muffin Mix - Banana Nut,002,001,11
Aromat Spice / Seasoning,003,002,55
Gooseberry,005,004,100
Muffin Batt - Carrot Spice,003,005,55
Wine - Cotes Du Rhone,005,002,70
Butter - Unsalted,002,001,32
Lotus Leaves,002,004,68
"Beef - Baby, Liver",003,001,18
Figs,004,001,85
Pork Loin Bine - In Frenched,005,005,64
Pork - Hock And Feet Attached,004,003,79
Oranges,005,002,91
Milk Powder,002,004,29
Table Cloth 54x72 Colour,004,004,50
Cheese - Cheddarsliced,002,005,43
Pur Value,004,003,27
Sage - Fresh,005,005,75
Puree - Raspberry,002,005,26
Danishes - Mini Cheese,002,003,47
Wine - Chardonnay Mondavi,002,002,9
Onions - Cooking,005,001,98
"Roe - Lump Fish, Black",003,003,49
Juice - Apple Cider,005,003,70
Lobster - Cooked,004,005,35
Tart - Raisin And Pecan,002,001,51
"Ranchero - Primerba, Paste",004,005,12
"Tart Shells - Savory, 2",002,004,5
"Yogurt - Strawberry, 175 Gr",002,002,80
"Plate - Foam, Bread And Butter",003,005,64
Chips Potato Salt Vinegar 43g,002,004,37
Coconut - Whole,005,003,79
Beef Tenderloin Aaa,004,004,63
Parsley Italian - Fresh,003,003,53
Tea - Herbal Orange Spice,001,001,77
Cherries - Frozen,005,002,11
"Soup - Knorr, Ministrone",004,005,82
"Cheese - Boursin, Garlic / Herbs",004,004,87
Oats Large Flake,003,004,11
Cheese - Mix,001,004,31
Tea - Herbal I Love Lemon,005,002,25
Pastry - Butterscotch Baked,004,001,22
Oil - Grapeseed Oil,002,003,85
"Pineapple - Canned, Rings",002,002,73
Table Cloth - 53x69 Colour,001,005,93
Soup Bowl Clear 8oz92008,005,004,29
Squid - U - 10 Thailand,004,003,66
Wine - Vovray Sec Domaine Huet,003,003,3
Celery,003,002,38
Hold Up Tool Storage Rack,004,003,91
Basil - Fresh,004,002,86
"Brownies - Two Bite, Chocolate",005,003,26
Cactus Pads,002,005,92
Bread Base - Goodhearth,001,005,34
Fork - Plastic,004,004,7
Boogies,001,005,19
Longos - Chicken Curried,004,002,55
Shrimp - Black Tiger 16/20,002,005,53
Cheese - Parmesan Cubes,002,002,54
Wine - Masi Valpolocell,003,001,34
Wine - Magnotta - Bel Paese White,004,003,45
Ham - Virginia,003,003,92
Sea Urchin,004,001,70
Appetizer - Cheese Bites,004,004,84
Wine - Niagara Peninsula Vqa,001,004,62
Wine - Beringer Founders Estate,005,004,30
Cabbage - Nappa,001,004,38
Garbag Bags - Black,001,003,12
"Iced Tea - Lemon, 340ml",001,002,78
Oneshot Automatic Soap System,004,002,13
Soup - Campbells Mushroom,004,004,5
Ecolab Silver Fusion,005,005,4
Truffle Cups - Brown,001,004,23
Gelatine Powder,004,005,26
Corn Meal,005,001,40
Maintenance Removal Charge,002,004,46
Oil - Margarine,005,002,48
Glucose,004,003,37
Muffin Hinge Container 6,002,005,58
Cornflakes,003,002,78
Bread - Granary Small Pull,003,004,14
Squash - Guords,005,002,90
Savory,003,002,53
Oil - Hazelnut,004,001,58
Banana - Leaves,001,004,42
"Vodka - Lemon, Absolut",001,005,20
"Chocolate - Pistoles, Lactee, Milk",005,001,38
Mushroom - King Eryingii,005,004,60
Cherries - Fresh,001,001,70
"Lemonade - Kiwi, 591 Ml",003,004,54
Chef Hat 25cm,004,001,66
Wine - Sawmill Creek Autumn,001,003,23
Pickles - Gherkins,003,005,18
Oil - Sesame,004,003,26
Beef - Ground Medium,002,003,89
Cheese - Colby,002,002,1
Cabbage - Nappa,004,001,66
Lettuce - Red Leaf,001,005,24
Rice - Aborio,004,003,87
Prunes - Pitted,002,002,8
Wine - Piper Heidsieck Brut,002,002,52
"Soup - Campbells, Chix Gumbo",003,004,76
Tahini Paste,003,001,62
"Soup - Knorr, Ministrone",005,003,30
Wine - Pinot Grigio Collavini,002,002,88
Ecolab Crystal Fusion,002,002,48
Wine - Winzer Krems Gruner,001,004,32
Orange - Tangerine,003,005,25
"Chicken - Leg, Boneless",004,001,71
Puff Pastry - Sheets,005,004,63
Wine - Touraine Azay - Le - Rideau,005,001,11
Fondant - Icing,003,003,47
"Placemat - Scallop, White",003,001,73
Turnip - Mini,003,004,70
Sauce - Rosee,005,003,11
Wine - Carmenere Casillero Del,005,003,19
Celery,005,004,31
Loquat,001,003,12
Ham - Cooked,005,003,6
Mangoes,004,003,67
Cookies Cereal Nut,003,004,89
Walkers Special Old Whiskey,005,003,51
The Pop Shoppe - Cream Soda,001,003,18
"Wine - White, Lindemans Bin 95",001,001,47
Bamboo Shoots - Sliced,003,003,36
"Juice - Tomato, 10 Oz",002,005,84
Jameson Irish Whiskey,004,001,20
"Beef - Tenderlion, Center Cut",004,004,80
"Cheese - Havarti, Salsa",004,005,6
Nut - Pumpkin Seeds,003,004,76
Wine - Chateau Aqueria Tavel,004,002,10
Beef - Bresaola,001,005,2
Wine - Black Tower Qr,003,005,24
Beer - Maudite,001,005,8
Longos - Lasagna Beef,004,002,92
Magnotta Bel Paese Red,004,002,25
Coffee Swiss Choc Almond,005,002,96
Wine - Magnotta - Belpaese,004,001,3
Sage - Fresh,004,005,1
Tuna - Loin,004,003,62
Gatorade - Fruit Punch,002,002,66
Lid Coffeecup 12oz D9542b,001,004,91
Chips - Miss Vickies,004,003,2
"Pepper - Black, Whole",004,003,11
Table Cloth 54x54 Colour,002,001,62
Honey - Liquid,004,004,61
Alize Sunset,003,004,89
Beer - Blue,001,003,35
Soup - Campbells - Tomato,005,002,20
Yeast Dry - Fermipan,003,003,23
Bread - White Mini Epi,002,004,38
Juice - Ocean Spray Kiwi,003,005,34
Island Oasis - Ice Cream Mix,005,001,50
"Stock - Beef, Brown",003,005,37
"Pepsi, 355 Ml",001,001,78
Lettuce - California Mix,004,005,86
"Wine - White, Cooking",005,003,19
"Yogurt - Peach, 175 Gr",005,001,37
Sambuca Cream,004,003,36
Butter Balls Salted,001,001,94
Napkin White,004,002,11
Gatorade - Xfactor Berry,001,003,78
Parasol Pick Stir Stick,004,002,77
Squash - Acorn,001,005,27
Flour - Strong,005,003,5
Muffin Mix - Chocolate Chip,002,004,38
Food Colouring - Orange,003,002,85
Soap - Hand Soap,002,002,5
Beer - Corona,005,004,5
Salami - Genova,002,003,86
Vinegar - Rice,001,002,99
Bread Foccacia Whole,005,004,78
Cookies Almond Hazelnut,001,003,50
Cheese - Ricotta,004,005,91
"Rum - Coconut, Malibu",002,005,85
Chip - Potato Dill Pickle,005,001,94
Tobasco Sauce,001,002,20
"Pail - 4l White, With Handle",002,003,90
Tomatoes,002,002,78
Crackers - Water,005,004,36
Sproutsmustard Cress,002,001,93
Foil - 4oz Custard Cup,004,004,99
Sausage - Meat,002,001,67
Bandage - Fexible 1x3,005,001,32
Yoplait - Strawbrasp Peac,001,002,85
"Bread - Crumbs, Bulk",004,005,24
Cup - 4oz Translucent,003,001,27
Bay Leaf Fresh,002,001,49
Cranberries - Fresh,002,005,82
Broom Handle,003,005,31
"Coconut - Creamed, Pure",003,001,4
Sprouts - Pea,004,005,50
Trout Rainbow Whole,003,003,90
Plasticspoonblack,004,001,63
"Pasta - Lasagne, Fresh",001,001,63
Spinach - Baby,005,002,49
Wine - Stoneliegh Sauvignon,002,001,30
Lettuce - California Mix,002,002,22
Sprouts - Onion,004,005,17
Mix - Cappucino Cocktail,002,003,91
Water - Spring 1.5lit,001,004,17
Chocolate Bar - Smarties,003,004,3
Roe - White Fish,002,002,22
Wine - Manischewitz Concord,003,004,53
Mustard - Individual Pkg,005,005,74
Toothpick Frilled,004,004,86
Cookie Dough - Oatmeal Rasin,005,002,64
"Pasta - Rotini, Dry",001,002,46
Cut Wakame - Hanawakaba,001,005,39
Lamb - Bones,005,005,99
Soup - Campbells Tomato Ravioli,004,003,37
Soup Campbells,002,002,99
Sour Cream,001,004,2
Cheese - Brick With Pepper,001,005,11
"Juice - Clam, 46 Oz",004,002,59
Bread Bowl Plain,004,004,78
Apple - Fuji,004,004,24
Wine - Beringer Founders Estate,003,005,97
Kaffir Lime Leaves,003,004,68
"Water - Spring Water, 355 Ml",003,005,68
Ice Cream Bar - Oreo Sandwich,004,002,17
Barley - Pearl,004,004,97
Beef Dry Aged Tenderloin Aaa,005,003,100
Basil - Thai,001,003,26
Pumpkin - Seed,003,005,98
"Crush - Grape, 355 Ml",004,003,73
Juice - Prune,002,005,28
Beer - Heinekin,001,001,43
Pastry - Baked Scones - Mini,005,004,56
Wine - Segura Viudas Aria Brut,001,005,65
"Wine - Magnotta - Red, Baco",005,001,15
Calypso - Lemonade,005,004,19
Pears - Anjou,005,001,52
Wine - Guy Sage Touraine,003,001,37
Scallops - Live In Shell,002,004,64
Appetizer - Crab And Brie,005,002,42
Coffee - Decafenated,003,002,24
"Doilies - 8, Paper",001,005,99
Bread - Raisin Walnut Oval,005,001,100
Puree - Blackcurrant,003,005,58
Wine - Sogrape Mateus Rose,004,004,98
"Beans - Black Bean, Dry",005,003,96
Carbonated Water - Peach,003,005,55
