name,creatorRef,lastEditorRef,ingredient1,ingredient2,ingredient3
Ticked-Off Trannies with Knives,002,001,Horseradish Root,Wine - Sake,Cleaner - Bleach
"Private Eyes, The",001,002,Banana - Leaves,Pepper - Green,Ice Cream Bar - Hageen Daz To
Moon Man,001,005,Everfresh Products,Tamarind Paste,Longos - Chicken Curried
Conman (Du Xia 1999),005,001,Wine - Pinot Noir Pond Haddock,Ecolab - Power Fusion,Cornflakes
"Trip, The",002,002,Baking Soda,Boogies,Ecolab - Mikroklene 4/4 L
Barricade,003,002,Sword Pick Asst,Lentils - Red,Iced Tea - Lemon
Ellie Parker,001,002,Cranberries - Fresh,Salmon - Sockeye Raw,Wine - Masi Valpolocell
Scrooge,004,002,Coffee - Almond Amaretto,Lemonade - Pineapple Passion,Cheese - Brick With Pepper
"Accidental Spy, The (Dak miu mai shing)",003,002,Wine - Winzer Krems Gruner,Napkin White,Wine - Peller Estates Late
Destroy All Monsters (Kaijû sôshingeki),001,001,Beef - Baby,Oil - Hazelnut,Nescafe - Frothy French Vanilla
Paradise: Love,002,005,Pasta - Orzo,Food Colouring - Blue,Baking Powder
Tropical Malady (Sud pralad),005,005,Cookies Cereal Nut,Steampan Lid,Pepper - Gypsy Pepper
"Nine Lives of Fritz the Cat, The",001,005,Greens Mustard,Wine - Crozes Hermitage E.,Wine - Mondavi Coastal Private
Close Your Eyes (Hypnotic) (Doctor Sleep),004,005,Sprouts - Baby Pea Tendrils,Lettuce - Boston Bib,Oysters - Smoked
Forgotten,001,005,Beer - Upper Canada Light,Tobasco Sauce,Lettuce - Boston Bib
Circumstance,002,005,Soup Bowl Clear 8oz92008,Potatoes - Mini White 3 Oz,Higashimaru Usukuchi Soy
Three Monkeys (Üç maymun),004,003,Maintenance Removal Charge,Oil - Grapeseed Oil,Tamarillo
Getting Away With Murder,003,005,Slt - Individual Portions,Flower - Leather Leaf Fern,Coffee Cup 16oz Foam
Night of the Living Dorks,001,005,Sage - Fresh,Crackers - Soda / Saltins,Rice Pilaf
Idiot's Delight,003,004,Island Oasis - Sweet And Sour Mix,Lid Coffeecup 12oz D9542b,Celery
Fallen Angel,005,003,Island Oasis - Magarita Mix,Snapple - Iced Tea Peach,Pastry - Carrot Muffin - Mini
Bad Day on the Block,001,005,Flour - Bread,Vaccum Bag 10x13,True - Vue Containers
Same Old Song (On connaît la chanson),004,002,Beef - Bones,Rambutan,Bread - White
"Prey, The (La proie)",002,004,Soup - Base Broth Beef,Shallots,Bread - Rolls
Hawk the Slayer,002,004,Bread - Bistro Sour,Turkey - Breast,Turnip - Mini
"Complete History of My Sexual Failures, A",001,003,Cornflakes,Pastry - Butterscotch Baked,Soup Campbells Turkey Veg.
Tortilla Flat,001,002,Island Oasis - Lemonade,Water - Spring Water 500ml,Everfresh Products
Ghosts of Girlfriends Past,003,004,Cookies Almond Hazelnut,Beef - Salted,Filter - Coffee
Waiting For Armageddon,002,005,Flour - Bread,Ecolab - Power Fusion,Sugar - Splenda Sweetener
Funky Forest: The First Contact,003,005,Beef - Rib Roast,Hagen Daza - Dk Choocolate,Tomatoes
Welfare,001,001,Transfer Sheets,French Kiss Vanilla,Pumpkin - Seed
Sweet Land,001,005,Shrimp - 31/40,Coffee - Decafenated,Bamboo Shoots - Sliced
"Power of Nightmares, The: The Rise of the Politics of Fear",004,002,Wine - Delicato Merlot,Swiss Chard - Red,Truffle Paste
"Newest Pledge, The",001,002,Mangostein,Oven Mitt - 13 Inch,Hold Up Tool Storage Rack
Peaceful Warrior,003,005,Tea Peppermint,Spic And Span All Purpose,Ecolab - Power Fusion
Affair in Trinidad,001,001,Potatoes - Idaho 80 Count,Compound - Passion Fruit,Bread Ww Cluster
Gang Related,004,001,Honey - Liquid,Longos - Lasagna Beef,Cheese - Grana Padano
Ms. 45 (a.k.a. Angel of Vengeance),003,005,Roe - Flying Fish,Pastry - Plain Baked Croissant,Pepper - Gypsy Pepper
My Blue Heaven,003,005,Butter - Unsalted,Ecolab Silver Fusion,Bandage - Finger Cots
Wah-Wah,004,003,Cookies Cereal Nut,Salmon - Sockeye Raw,Beef Flat Iron Steak
The End,005,005,Rum - Cream,Brownies - Two Bite,Tobasco Sauce
Tyler Perry's Madea's Witness Protection,002,003,Foam Espresso Cup Plain White,Gatorade - Fruit Punch,Split Peas - Yellow
Key of Life (Kagi-dorobô no mesoddo),002,001,Chives - Fresh,Oranges,Wine - Red
Ruby Gentry,003,001,Beef - Bresaola,Flounder - Fresh,Nescafe - Frothy French Vanilla
"Rise of Catherine the Great, The",002,002,Pears - Anjou,Sauerkraut,Flower - Leather Leaf Fern
Rivers and Tides,005,001,Muffin - Blueberry Individual,Aspic - Light,Wine - Magnotta - Red
"Dalton, Les",005,003,Longos - Chicken Wings,Pork - Smoked Kassler,Cinnamon Buns Sticky
Ecstasy (Éxtasis),003,001,Potatoes - Mini White 3 Oz,Wiberg Cure,Napkin - Beverage 1 Ply
Shoot 'Em Up,004,005,Salmon - Sockeye Raw,Cake - Cheese Cake 9 Inch,Salt - Table
"Matriarch, The (Lieksa!)",001,002,Spic And Span All Purpose,Cardamon Ground,Nutmeg - Ground
Harakiri,002,004,Cheese - Camembert,Salt - Sea,Bread - Bagels
'71,005,002,Broom And Broom Rack White,Nescafe - Frothy French Vanilla,Bagel - Everything
"Waiting Room, The",003,001,Vaccum Bag 10x13,Water - Green Tea Refresher,Lettuce - Mini Greens
We Were Soldiers,001,004,Garam Masala Powder,Sauce - Alfredo,White Fish - Filets
The Bloodstained Butterfly,003,001,Ham - Cooked,Soup - Cream Of Broccoli,Bagel - Everything
"Monkey's Teeth (Dents du singe, Les)",001,005,Tart Shells - Savory,Numi - Assorted Teas,Cranberries - Dry
Kill Me Again,002,001,Beef - Ox Tongue,Beef - Tenderlion,Sauce - Fish 25 Ozf Bottle
Just a Gigolo,003,003,Sobe - Lizard Fuel,Tart - Raisin And Pecan,Oregano - Fresh
How to Stuff a Wild Bikini,004,005,Raspberries - Fresh,Pie Shell - 5,Chips - Assorted
Troll 2,005,003,Chef Hat 25cm,Foam Espresso Cup Plain White,Ostrich - Fan Fillet
Izo,004,001,Pasta - Orzo,Soup - Campbells - Tomato,Sauerkraut
Big Daddy,005,004,Wine - Coteaux Du Tricastin Ac,Gatorade - Lemon Lime,Coffee - Irish Cream
Patriotism (Yûkoku),003,004,Dried Cranberries,Sword Pick Asst,Wine - Chardonnay Mondavi
Jeepers Creepers,003,002,Bonito Flakes - Toku Katsuo,Pastry - Carrot Muffin - Mini,Magnotta Bel Paese Red
Griffin & Phoenix,004,004,Cookie Double Choco,Turkey - Breast,Sauce - Rosee
Fire Over England,005,005,Sproutsmustard Cress,Wine - Peller Estates Late,Cheese Cheddar Processed
"Cheat, The",001,005,Nectarines,Veal - Nuckle,Veal - Loin
Fatal Beauty,001,004,Rootbeer,Wine - Crozes Hermitage E.,Steamers White
Three to Tango,003,001,Cookie Dough - Chocolate Chip,Napkin - Beverage 1 Ply,Vermouth - Sweet
Konga,002,005,Pumpkin,Tuna - Loin,Towel Multifold
"Steel Helmet, The",001,004,Tea - Orange Pekoe,Coffee - French Vanilla Frothy,Irish Cream - Butterscotch
"Woman Next Door, The (Femme d'à côté, La)",004,002,Puree - Kiwi,Celery,Melon - Honey Dew
Out of Life (Hors la vie),002,004,Turkey Leg With Drum And Thigh,Soup - Verve - Chipotle Chicken,Salami - Genova
"Enforcer, The",004,002,Soup - Campbells,Wine - Baron De Rothschild,Puff Pastry - Sheets
Black Water,004,003,Tea - Jasmin Green,Turnip - White,Beef - Salted
Beyond the Black Rainbow,004,005,Hinge W Undercut,Salt - Sea,Potatoes - Mini White 3 Oz
Cavemen,003,003,Puree - Kiwi,Longos - Chicken Caeser Salad,The Pop Shoppe - Cream Soda
Days and Hours (Kod amidze Idriza),002,002,Snapple - Iced Tea Peach,Cranberries - Fresh,Numi - Assorted Teas
XX/XY,001,005,Cabbage - Green,Bread Country Roll,Danishes - Mini Cheese
Bad Santa,002,003,Nut - Pine Nuts,Crab - Meat,Tea - Herbal - 6 Asst
"Me, Myself and Mum (Les garçons et Guillaume, à table!)",004,004,Beef - Tender Tips,Vinegar - Rice,Honey - Liquid
Consenting Adults,005,001,Tamarillo,Irish Cream - Butterscotch,Ecolab Silver Fusion
Shake It (En kort en lang),003,005,Wine - Magnotta - Bel Paese White,Chips - Assorted,Mustard - Dijon
"Buddy Holly Story, The",002,003,Cheese - Cheddarsliced,Steamers White,Cheese - Camembert
Don't Move (Non ti muovere),004,004,Sea Urchin,Lemonade - Kiwi,Wine - Chateau Aqueria Tavel
Yellow,004,002,Sauce - Thousand Island,Spice - Montreal Steak Spice,Ketchup - Tomato
Variety (Varieté),004,003,Longos - Chicken Caeser Salad,Muffin Batt - Carrot Spice,Jello - Assorted
"Giant Gila Monster, The",005,003,Beef - Ox Tongue,Puree - Guava,Muffin - Blueberry Individual
"Lone Ranger, The",001,005,Beef Flat Iron Steak,Oil - Margarine,Sauce - Rosee
"Distant Voices, Still Lives",001,003,Wine - Chateau Aqueria Tavel,Pomegranates,Garlic - Elephant
Dummy,001,001,Baking Soda,Crab - Soft Shell,Creme De Menthe Green
The Woodcarver,005,005,Shrimp - Baby,Cactus Pads,Seedlings - Clamshell
"Razor's Edge, The",001,004,Pastry - Butterscotch Baked,Beer - Upper Canada Light,Chocolate - Milk
2010: The Year We Make Contact,001,005,Potatoes - Idaho 80 Count,Pepper - Red Chili,Juice - Orangina
In the City (En la ciudad),001,005,Wine - Jafflin Bourgongone,Squash - Acorn,Bread - Petit Baguette
Deception,004,004,Hagen Daza - Dk Choocolate,Pur Source,Lemonade - Strawberry
Captive (Cautiva) ,005,005,Pineapple - Canned,Bagelers - Cinn / Brown Sugar,Wine - Niagara Peninsula Vqa
Bye-Bye,003,003,Cherries - Frozen,Beer - Maudite,Foil Wrap
A Cinderella Story: Once Upon a Song,003,005,Milk - Homo,Lentils - Red,Soup - Knorr
"Room for Romeo Brass, A",003,002,Oven Mitt - 13 Inch,Muffin Mix - Morning Glory,Allspice - Jamaican
Big Momma's House,003,003,Tamarind Paste,Gherkin - Sour,Irish Cream - Butterscotch
"Grave Decisions (Wer früher stirbt, ist länger tot)",003,004,Creme De Menthe Green,Sausage - Andouille,Hold Up Tool Storage Rack
Battleship Potemkin,002,004,Truffle Cups - Brown,Jameson Irish Whiskey,Soup Bowl Clear 8oz92008
Knife in the Water (Nóz w wodzie),001,003,Chicken - Wieners,Pineapple - Canned,Wine - Red
"Last Time I Committed Suicide, The",005,001,Pasta - Canelloni,Butter - Unsalted,Cheese - Brie
Camp Nowhere,004,001,Pineapple - Canned,Beer - Paulaner Hefeweisse,Tea - Herbal Orange Spice
"Safety of Objects, The",001,001,Truffle Cups - Brown,Cheese - Brie,Water - Green Tea Refresher
Futurama: The Beast with a Billion Backs,002,003,Slt - Individual Portions,Veal - Ground,Bread - Rolls
When Brendan Met Trudy,004,004,Milk - 2% 250 Ml,Calvados - Boulard,Beef - Bones
"Barefoot Executive, The",001,001,Cheese - Parmesan Grated,Truffle Cups - Red,Jello - Assorted
"Black Room, The",003,002,Ham - Cooked,Rice - Aborio,Nut - Pumpkin Seeds
Zombeavers,005,001,Energy Drink - Redbull 355ml,Bread Cranberry Foccacia,Ecolab Crystal Fusion
"Terror, The",003,001,Stock - Fish,Celery Root,Wine - Magnotta - Red
Taxidermia,003,005,Wine - Fino Tio Pepe Gonzalez,Cilantro / Coriander - Fresh,Milk - 1%
Ghosts of the Abyss,001,002,Pail - 4l White,Coconut - Whole,Filo Dough
Strangers When We Meet,002,002,Coconut - Whole,Sambuca Cream,Bread - Flat Bread
Dark Water (Honogurai mizu no soko kara),004,004,Lemonade - Strawberry,Irish Cream - Baileys,Watercress
"Samaritan, The",003,003,Pie Shell - 5,Soup - Knorr,Miso - Soy Bean Paste
Elysium,005,004,Pasta - Penne,Truffle Cups Green,Muffin - Blueberry Individual
Punching the Clown,001,002,Nut - Pumpkin Seeds,Steamers White,Muffin Mix - Morning Glory
Moordwijven,004,002,Soup Knorr Chili With Beans,Basil - Seedlings Cookstown,Venison - Liver
Why Stop Now,004,001,Island Oasis - Sweet And Sour Mix,Bread - White,Miso - Soy Bean Paste
"World Without Thieves, A (Tian xia wu zei)",002,005,Hersey Shakes,Breakfast Quesadillas,Flounder - Fresh
Bye-Bye Bin Laden,003,001,Tart Shells - Sweet,Coffee Swiss Choc Almond,Oil - Grapeseed Oil
"Song of Ceylon, The",005,001,Oven Mitt - 13 Inch,Cheese - Ricotta,Rosemary - Primerba
Dying at Grace,004,004,Lid Coffeecup 12oz D9542b,Crab - Meat,Beef - Ground Medium
Back to 1942 ,005,003,Pepper - Julienne,Pineapple - Canned,Beer - Sleemans Honey Brown
Tycoon (Oligarkh),005,001,Pickles - Gherkins,Mangoes,Soup - Campbells Mushroom
Neo Ned,001,004,Chef Hat 25cm,Wine - Valpolicella Masi,Salt - Table
"First Time, The",001,002,Chips - Assorted,Crab - Soft Shell,Beef - Bones
Last Action Hero,001,001,Chicken Breast Wing On,Icecream - Dstk Strw Chseck,Chicken - White Meat
The Court-Martial of Jackie Robinson,001,004,Pastry - Choclate Baked,Chip - Potato Dill Pickle,Scotch - Queen Anne
Two Family House,001,002,Milk - Homo,Sour Puss Sour Apple,Veal - Nuckle
Quid Pro Quo,003,001,Pastry - Apple Large,Wine - Red,Turkey Tenderloin Frozen
Raid,003,002,Bag - Regular Kraft 20 Lb,Napkin White,Lemonade - Strawberry
Tycoon,003,004,Puree - Passion Fruit,Rosemary - Primerba,Sour Cream
ABBA: The Movie,002,002,Mcgillicuddy Vanilla Schnap,Spinach - Spinach Leaf,Puree - Raspberry
Edvard Munch,003,005,Ecolab - Mikroklene 4/4 L,Beef - Chuck,Lettuce - California Mix
Here Comes the Devil (Ahí va el diablo),002,005,Turnip - Wax,Wine - Magnotta - Bel Paese White,Aspic - Clear
"Real Cancun, The",004,005,Chocolate - Pistoles,Grenadine,Flavouring - Rum
Aliisa,003,004,Bar Mix - Pina Colada,Cabbage - Green,Turkey - Breast
They Came Together,003,003,Lettuce - Boston Bib,Sugar - Cubes,Aspic - Clear
Libre échange,001,002,Pie Shells 10,Lettuce - Mini Greens,Wine - Vovray Sec Domaine Huet
Music Within,005,001,Jameson Irish Whiskey,Honey - Comb,Muffin Mix - Morning Glory
The Woman on Pier 13,002,004,Wine - Red,Wine - Chardonnay South,Brownies - Two Bite
Dangerous Liaisons,002,004,Juice - Orange 1.89l,Tomatoes - Roma,Cheese - Ricotta
"Dylan Moran: Like, Totally",001,003,Pasta - Cannelloni,Lidsoupcont Rp12dn,Oil - Olive
Not Reconciled (Nicht versöhnt oder Es hilft nur Gewalt wo Gewalt herrscht),005,005,Muffin - Mix - Creme Brule 15l,Juice - Orangina,Tomatoes
Hitler's Madman,005,001,Tuna - Loin,Fondant - Icing,Sauce - Alfredo
TMNT (Teenage Mutant Ninja Turtles),001,002,Beef - Short Ribs,Cheese - Parmigiano Reggiano,Oil - Hazelnut
Damnation Alley,003,001,Fish - Scallops,Tart Shells - Savory,Gatorade - Xfactor Berry
"Roaring Twenties, The",001,001,Pineapple - Canned,Lid Coffeecup 12oz D9542b,Energy Drink - Redbull 355ml
"Psychopath, The",002,003,Cherries - Bing,Chinese Foods - Thick Noodles,Bread - Rolls
"Tree Grows in Brooklyn, A",004,002,Cheese - Parmesan Cubes,Syrup - Monin - Granny Smith,Veal - Slab Bacon
Hangin' with the Homeboys,003,005,Ham - Virginia,Tomatoes Tear Drop Yellow,Chocolate - Sugar Free Semi Choc
Nom de code : Rose,005,005,Tomatoes,Aromat Spice / Seasoning,Chocolate - White
"Breed Apart, A",001,003,Bread - Flat Bread,Soup - Knorr,Appetizer - Cheese Bites
Saw II,005,001,Nutmeg - Ground,Milk - 1%,Hagen Daza - Dk Choocolate
Wild Tigers I Have Known,002,005,Muffin Hinge Container 6,Plate Foam Laminated 9in Blk,Jam - Strawberry
Helter Skelter,001,002,Eggs - Extra Large,Oats Large Flake,Muffin Mix - Banana Nut
Wild Beasts (Wild beasts - Belve feroci),004,005,Pork - Ground,Transfer Sheets,Cheese - Asiago
Komodo,005,004,Wine - Wyndham Estate Bin 777,Sobe - Lizard Fuel,Longos - Chicken Curried
"Californie, La",001,003,Wine - Cabernet Sauvignon,Salt - Table,French Kiss Vanilla
John Wick,004,005,Muffin - Mix - Bran And Maple 15l,Muffin Mix - Lemon Cranberry,Flounder - Fresh
"Dungeonmaster, The",005,003,Fondant - Icing,Tahini Paste,Sproutsmustard Cress
Dragonworld,001,004,Alize Sunset,Pur Source,Wine - Chateau Aqueria Tavel
Von Ryan's Express,001,003,Eggplant - Asian,Wine - Niagara Peninsula Vqa,Soup - Knorr
Henri-Georges Clouzot's Inferno (L'enfer d'Henri-Georges Clouzot),004,004,Appetizer - Mango Chevre,Carbonated Water - Peach,Tea - Jasmin Green
Prom Night,003,005,Spaghetti Squash,Icecream Bar - Del Monte,Bread - Sour Batard
Bang Boom Bang - Ein todsicheres Ding,003,003,Greens Mustard,Juice - Lagoon Mango,Appetizer - Mango Chevre
Just One of the Guys,002,003,Wine - Ej Gallo Sierra Valley,Mushrooms - Black,Chips - Miss Vickies
Queen of Blood,002,005,Chips - Assorted,Bag - Regular Kraft 20 Lb,Coffee Cup 16oz Foam
Countdown to Looking Glass,003,004,Yogurt - Strawberry,Coffee - Decafenated,Shrimp - 31/40
Night of the Zombies (a.k.a. Batallion of the Living Dead),001,001,Tomatoes,Versatainer Nc - 8288,Juice - Apple Cider
Robots,001,003,Island Oasis - Mango Daiquiri,Muffin Chocolate Individual Wrap,Crackers - Water
"Tree, The",005,005,Parsnip,Mushrooms - Black,Magnotta Bel Paese Red
"Fallen Idol, The",003,005,Cactus Pads,Energy Drink - Franks Original,Onions - Cooking
Chain of Command,001,002,Allspice - Jamaican,Skewers - Bamboo,Parsley - Dried
Carefree,001,004,Lid Coffeecup 12oz D9542b,Flower - Dish Garden,Pie Shells 10
Killing Us Softly 4: Advertising's Image of Women,004,003,Food Colouring - Blue,Shrimp - Black Tiger 6 - 8,Glucose
"Devil's Tomb, The",003,004,Cumin - Whole,Tea Peppermint,Compound - Mocha
"Golem, The (Golem, wie er in die Welt kam, Der)",004,002,Pepper - White,Irish Cream - Butterscotch,Beans - Fine
Awesome; I Fuckin Shot That!,004,005,Napkin - Beverage 1 Ply,Coffee - Espresso,Crab - Meat
"Substitute, The (Vikaren)",001,001,Bagel - Whole White Sesame,Bread - Bistro Sour,Cheese - Parmigiano Reggiano
Vegas Vacation (National Lampoon's Las Vegas Vacation),002,004,Garam Masala Powder,Scallops - In Shell,Juice - Orangina
PAY 2 PLAY: Democracy's High Stakes,003,005,Wine - Chardonnay South,Mushroom - King Eryingii,Pork - Bacon
Lassie,003,005,Sauce - Thousand Island,Chocolate - Liqueur Cups With Foil,Beer - Upper Canada Light
Short Sharp Shock (Kurz und schmerzlos) ,003,005,Straw - Regular,Tuna - Bluefin,Vinegar - Rice
National Gallery,001,005,Milk - Homo,True - Vue Containers,Curry Powder Madras
Only God Knows (Sólo Dios Sabe),003,005,Wiberg Super Cure,Pea - Snow,Chocolate - Sugar Free Semi Choc
Critical Condition,003,001,Towel - Roll White,Limes,Muffin - Mix - Creme Brule 15l
Rowing with the Wind (Remando al viento),003,005,Pastry - Trippleberry Muffin - Mini,Bread - Burger,Fond - Neutral
Goya: Crazy Like a Genius,004,004,Beef - Rib Roast,Sugar - Brown,Corn - On The Cob
Ghost Machine,003,001,Teriyaki Sauce,Munchies Honey Sweet Trail Mix,Turnip - Wax
Atlas Shrugged: Part 1,002,001,Towel - Roll White,Pasta - Cannelloni,Anchovy In Oil
Firestarter,002,001,Muffin - Mix - Bran And Maple 15l,Higashimaru Usukuchi Soy,The Pop Shoppe - Cream Soda
Blue Week (Sininen viikko),003,003,Potato - Sweet,Ranchero - Primerba,Chips Potato Salt Vinegar 43g
Wilby Wonderful,003,003,Celery,Juice - Orangina,Lettuce - Frisee
Black Like Me,005,003,Milk Powder,Nut - Walnut,Mustard - Dijon
Lovesick,005,005,Loquat,Roe - Flying Fish,Lettuce - Boston Bib
True Crime,001,005,Bagel - Everything,Yeast Dry - Fleischman,Chocolate - Milk
Presenting Lily Mars,002,001,Peas Snow,Longos - Chicken Wings,Bar Mix - Lime
"Bounty, The",004,002,Muffin Chocolate Individual Wrap,Duck - Legs,Chocolate - Sugar Free Semi Choc
Down to You,004,001,Muffin Chocolate Individual Wrap,Nectarines,Rabbit - Whole
Once Bitten,004,005,Icecream Bar - Del Monte,Pasta - Fusili,Mushroom - Chanterelle Frozen
To the Shores of Tripoli,005,004,Cheese - Asiago,Compound - Mocha,Split Peas - Yellow
Make Mine Music,002,005,Ostrich - Fan Fillet,Pie Shells 10,Milk - 1%
"Longest Yard, The",005,002,Hinge W Undercut,Chef Hat 25cm,Chips - Miss Vickies
"Believer, The",001,002,Tea - Herbal - 6 Asst,Pork Loin Bine - In Frenched,Doilies - 8
"Good Man in Africa, A",002,004,Wine - White,Truffle Cups - Brown,Shrimp - Black Tiger 13/15
Kick-Ass 2,005,002,Pear - Halves,Pork - Smoked Kassler,Bacardi Raspberry
O'Horten,002,003,Onion Powder,Pears - Fiorelle,Split Peas - Yellow
Snowballs,001,005,Fork - Plastic,Foam Espresso Cup Plain White,Oregano - Fresh
"Turtle's Tale: Sammy's Adventures, A",002,001,Soup - Verve - Chipotle Chicken,Schnappes - Peach,Oil - Olive
Wendy and Lucy,001,004,Plate - Foam,Chinese Foods - Thick Noodles,Soup - Knorr
Nick Offerman: American Ham,005,004,Stock - Fish,Pork - Bacon Cooked Slcd,Wine - Peller Estates Late
Imagine I'm Beautiful,002,002,Pastry - Cheese Baked Scones,Pumpkin,Chicken - Wieners
"Sweet Hereafter, The",005,005,Cake - Cheese Cake 9 Inch,Pomegranates,Banana - Leaves
Casual Sex?,005,002,Carrots - Jumbo,Onion Powder,Tobasco Sauce
Master of the Flying Guillotine (Du bi quan wang da po xue di zi),003,001,Muffin Mix - Banana Nut,Canada Dry,7up Diet
Sin City,001,002,Pepper - Red Chili,Juice - Grape,Cheese Cheddar Processed
"Enforcer, The",005,001,Wine - Ej Gallo Sierra Valley,Beef - Texas Style Burger,Devonshire Cream
Ten Thousand Saints,002,005,Instant Coffee,Cheese - Brick With Pepper,Canada Dry
Girl with Green Eyes,002,005,Ecolab Silver Fusion,Kellogs Special K Cereal,Assorted Desserts
Nicht mein Tag,001,004,Irish Cream - Butterscotch,Beans - Fava,Oil - Hazelnut
Return to Sender,004,002,Food Colouring - Orange,Rootbeer,Beer - Maudite
Apartment Zero,004,005,French Kiss Vanilla,Cookie Dough - Chocolate Chip,Longos - Lasagna Beef
"Jeanne Dielman, 23 Quai du Commerce, 1080 Bruxelles",005,003,Island Oasis - Mango Daiquiri,Green Tea Refresher,Wine - Beringer Founders Estate
Supermarket Woman (Sûpâ no onna),003,003,Tea - Herbal I Love Lemon,Muffin Mix - Chocolate Chip,Beef - Ground Medium
Donnie Brasco,002,005,Ecolab Silver Fusion,Wine - Barolo Fontanafredda,Cheese - Mix
Making the Grade,001,002,Swiss Chard - Red,Swordfish Loin Portions,White Fish - Filets
Hangmen Also Die,004,001,Juice - Apple,Grenadine,Lettuce Romaine Chopped
Baby Mama,003,004,Lid Coffeecup 12oz D9542b,Energy Drink - Franks Original,Wine - Sake
Family Tree (L'arbre et la forêt),003,001,Gooseberry,Sprite,Shrimp - 31/40
"Third Part of the Night, The (Trzecia czesc nocy)",002,004,Baking Powder,Bamboo Shoots - Sliced,Celery
Xtro 3: Watch the Skies,001,002,Broom And Broom Rack White,Turkey Leg With Drum And Thigh,Lettuce - Frisee
"Sheepman, The",004,004,Coffee - French Vanilla Frothy,Truffle - Peelings,Fireball Whisky
George Washington Slept Here,003,005,French Kiss Vanilla,Beef - Bones,Table Cloth 54x54 Colour
"Vernon, Florida",004,002,Cheese - Camembert,Wine - Cabernet Sauvignon,Wine - Red
Bad Santa,002,001,Monkfish - Fresh,Wine - Vovray Sec Domaine Huet,Bread Cranberry Foccacia
JFK: The Smoking Gun,003,003,Wine - Casillero Del Diablo,Parasol Pick Stir Stick,Nectarines
When Ladies Meet,004,001,Celery,Brownies - Two Bite,Veal - Loin
Waterloo,005,002,Ostrich - Fan Fillet,Garlic - Elephant,Nescafe - Frothy French Vanilla
"Lady in Red, The",001,001,Tomato - Peeled Italian Canned,Shrimp - Black Tiger 16/20,Nescafe - Frothy French Vanilla
"Sheltering Sky, The",004,005,Irish Cream - Butterscotch,Island Oasis - Ice Cream Mix,Magnotta Bel Paese Red
Rehearsals for Extinct Anatomies,004,002,Soup Campbells Turkey Veg.,Beef - Ground Medium,Wine - Red
My Favorite Wife,004,004,Bagelers - Cinn / Brown Sugar,Swordfish Loin Portions,Pork Loin Bine - In Frenched
The Beautiful Story,002,004,Pie Shell - 5,Maintenance Removal Charge,Wine - Jafflin Bourgongone
"Reformer and the Redhead, The",002,002,Corn - Mini,Soup Campbells Turkey Veg.,Beer - Maudite
Flame and Women (Honô to onna) ,004,003,Food Colouring - Blue,Sobe - Lizard Fuel,Island Oasis - Magarita Mix
Yi Yi,001,001,Table Cloth 120 Round White,Juice - Apple Cider,Calypso - Black Cherry Lemonade
Koi... Mil Gaya,004,003,Cheese - Comtomme,Vodka - Smirnoff,Coffee - Irish Cream
Sibling Rivalry,005,003,Cookies Cereal Nut,Apricots - Dried,Allspice - Jamaican
Broken Bridges,005,004,Puree - Mocha,Compound - Mocha,Watercress
Saludos Amigos,003,004,Tart Shells - Sweet,Pumpkin - Seed,Nescafe - Frothy French Vanilla
Weekend at Bernie's II,005,005,Gelatine Powder,Pears - Anjou,Langers - Mango Nectar
"Garden of Eden, The",001,003,Container - Foam Dixie 12 Oz,Table Cloth 120 Round White,Wine - Two Oceans Sauvignon
Rain Over Santiago (Il pleut sur Santiago),005,001,Ostrich - Fan Fillet,Basil - Thai,Miso - Soy Bean Paste
My Son John,003,004,Nescafe - Frothy French Vanilla,Fondant - Icing,Wine - Conde De Valdemar
Paper Soldier (Bumazhnyy soldat),005,004,Wine - Pinot Noir Pond Haddock,Plate Pie Foil,Wine - Rhine Riesling Wolf Blass
Jimi: All Is by My Side,004,004,Squash - Butternut,Wine - Savigny - Les - Beaune,Beef - Chuck
Taxi,002,005,Wine - Fino Tio Pepe Gonzalez,Peas Snow,Pork - Smoked Kassler
"Seventh Continent, The (Der siebente Kontinent)",005,003,Thyme - Dried,Lentils - Red,Pasta - Spaghetti
"Buona Sera, Mrs. Campbell",005,004,Coffee Swiss Choc Almond,Sauce - Balsamic Viniagrette,Truffle Paste
And Then There Was You,005,002,Duck - Fat,Filter - Coffee,Beer - Moosehead
The Chatterley Affair,002,005,Puree - Blackcurrant,Bread Foccacia Whole,Butter - Unsalted
Women on the Verge of a Nervous Breakdown (Mujeres al borde de un ataque de nervios),001,003,Eggs - Extra Large,Beer - Moosehead,Celery
Simon Birch,005,002,Ice Cream - Life Savers,Watercress,Ostrich - Fan Fillet
Samurai III: Duel on Ganryu Island (a.k.a. Bushido) (Miyamoto Musashi kanketsuhen: kettô Ganryûjima),004,002,Pork Loin Bine - In Frenched,Beef - Bones,Mangoes
Jane Eyre,002,002,Lemonade - Pineapple Passion,Coffee - Frthy Coffee Crisp,Chips - Miss Vickies
"Tic Code, The",005,001,Wine - Montecillo Rioja Crianza,Garam Marsala,Sprite - 355 Ml
Stray Dogs,003,004,The Pop Shoppe - Cream Soda,Sauce - Rosee,Corn - On The Cob
"Kings of Mykonos, The",002,002,Bread Base - Gold Formel,Ranchero - Primerba,Sardines
Restless (Levottomat),004,003,Honey - Liquid,Muffin Hinge Container 6,Swiss Chard - Red
Paddington,005,004,Tuna - Bluefin,Ice Cream Bar - Oreo Sandwich,French Kiss Vanilla
Aftermath,003,004,Soup - Campbells Chicken,Eggplant - Asian,Potatoes - Idaho 80 Count
"Social Network, The",004,003,Cheese - Asiago,Tea Peppermint,Milk - 1%
Am Ende eiens viel zu kurzen Tages (Death of a superhero),003,001,Banana - Leaves,Bread Cranberry Foccacia,Squash - Butternut
"Sick: The Life & Death of Bob Flanagan, Supermasochist",002,002,Coffee - Espresso,Chocolate - Pistoles,Chicken - Leg / Back Attach
Tracy Morgan: Black and Blue,003,005,Tahini Paste,Flour - Strong,Gelatine Powder
Cheap Thrills,004,003,Creme De Menthe Green,Watercress,Teriyaki Sauce
Wishmaster,002,002,Juice - Prune,Pasta - Fettuccine,Sprouts - Baby Pea Tendrils
Madame Bovary,004,004,Coffee Beans - Chocolate,Hold Up Tool Storage Rack,Energy Drink - Redbull 355ml
"Wisdom of Crocodiles, The (a.k.a. Immortality)",001,001,Flower - Leather Leaf Fern,Versatainer Nc - 8288,Potatoes - Purple
Order and Disorder,001,003,Chives - Fresh,Turkey - Breast,Instant Coffee
"First Time, The",005,002,Nut - Pumpkin Seeds,Sea Urchin,Wine - Peller Estates Late
Smiley's People,004,003,Longos - Penne With Pesto,Cheese - Parmesan Grated,Quinoa
"Loneliest Planet, The",004,001,Pear - Prickly,Ham - Black Forest,Bread Foccacia Whole
The Phantom Light,005,005,Savory,Halibut - Steaks,Cocoa Feuilletine
Savage Streets,004,005,Mustard - Dijon,Beef - Baby,Wine - Chardonnay South
Everybody's Famous! (Iedereen beroemd!),005,004,Flounder - Fresh,Oil - Safflower,Wine - Rhine Riesling Wolf Blass
"Jeanne Dielman, 23 Quai du Commerce, 1080 Bruxelles",003,005,Soup - Campbells Chili,Salt - Table,Wine - Wyndham Estate Bin 777
TV Junkie,005,002,Puree - Raspberry,Pasta - Spaghetti,Container - Foam Dixie 12 Oz
"Game of Death, The (Le Jeu de la Mort)",003,001,Rum - Cream,Lychee,Fuji Apples
Attack the Gas Station! (Juyuso seubgyuksageun),003,002,Sausage - Breakfast,Stock - Fish,Sugar - Invert
Perfect Stranger,005,005,Wine - Ej Gallo Sierra Valley,Tuna - Loin,Sugar - Brown
Unknown,001,001,Scallops 60/80 Iqf,Cheese - Cheddarsliced,Sproutsmustard Cress
White Palms (Fehér tenyér),004,003,Beef - Cooked,Yogurt - Banana,Table Cloth - 53x69 Colour
Duplex,005,004,Tomato - Peeled Italian Canned,Thyme - Dried,Walkers Special Old Whiskey
"Monkey's Mask, The",003,003,Pork - Chop,Steampan Lid,Appetizer - Sausage Rolls
Building the Inferno: Nobuo Nakagawa and the Making of 'Jigoku',004,005,Hinge W Undercut,Pastry - Apple Large,Pork - Bacon
"Magnificent Yankee, The",002,003,Cornflakes,Jolt Cola - Red Eye,Cheese Cheddar Processed
The Gambler,005,005,Banana - Leaves,Ham - Black Forest,Water - Spring Water 500ml
Mount St. Elias,003,001,Limes,Wine - Chardonnay South,Mushrooms - Black
"Suddenly, Last Winter (Improvvisamente l'inverno scorso)",003,001,Cheese - Mix,Gherkin - Sour,Pepper - Sorrano
"Familie, En",001,003,French Kiss Vanilla,7up Diet,Oysters - Smoked
Sabrina,001,005,Wine - Magnotta - Red,Calypso - Lemonade,Corn - Mini
Dingo,002,001,Irish Cream - Baileys,Gatorade - Xfactor Berry,Veal - Ground
"Torrente, el brazo tonto de la ley",001,005,Turnip - White,Sour Puss Sour Apple,Gatorade - Fruit Punch
Tinseltown,005,005,Tilapia - Fillets,Chips Potato Salt Vinegar 43g,Pineapple - Canned
Rosa Luxemburg,001,003,Pastry - Plain Baked Croissant,Muffin Batt - Carrot Spice,Pasta - Canelloni
Sleuth,004,002,Soup - Campbells Chili,Prunes - Pitted,Muffin Chocolate Individual Wrap
Cremaster 5,001,003,Corn - Mini,Egg - Salad Premix,Soup Campbells Turkey Veg.
Lupin III: First Contact (Rupan Sansei: Faasuto Kontakuto),002,002,Cheese - Wine,Graham Cracker Mix,Bagel - Everything
"Guest, The",003,001,Soup - Campbells - Tomato,Wine - Magnotta - Belpaese,Wine - Niagara Peninsula Vqa
Popular Music (Populärmusik från Vittula),001,004,Fork - Plastic,Juice - Orangina,Straw - Regular
Love and Bullets,002,004,Lychee,Wine - White,Coffee - French Vanilla Frothy
Desperate Hours,002,003,Turnip - Mini,Sauce - Balsamic Viniagrette,Pastry - Trippleberry Muffin - Mini
Arthur,001,001,Water - Green Tea Refresher,Steampan Lid,Wine - Casillero Del Diablo
Birdemic: Shock and Terror,003,005,Nacho Chips,Beer - Muskoka Cream Ale,Split Peas - Yellow
Star Wars: Threads of Destiny,004,004,Coffee Swiss Choc Almond,Lemonade - Kiwi,Pastry - Plain Baked Croissant
Dead Man's Burden,002,004,Pepper - Sorrano,Towel - Roll White,Pasta - Fusili
Beauty and the Beast (La belle et la bête),005,005,Sauce - Bernaise,Squid - Tubes / Tenticles 10/20,Crackers - Water
Road House,004,001,Wine - Carmenere Casillero Del,Wine - Fat Bastard Merlot,Syrup - Monin - Granny Smith
Peter's Friends,005,003,Energy Drink - Franks Original,Shiro Miso,Ranchero - Primerba
Passion of Mind,001,004,Nut - Pumpkin Seeds,Chips - Assorted,Milk Powder
Hiroshima ,003,003,Ecolab Silver Fusion,Gloves - Goldtouch Disposable,True - Vue Containers
"Death Kiss, The",004,005,Wiberg Super Cure,Bread - Flat Bread,Oats Large Flake
Way Out West,002,001,Fond - Neutral,Croissant,Shrimp - Baby
21-87,004,005,Corn - Mini,Beer - Moosehead,Pasta - Lasagne
Just Anybody (Le premier venu),003,004,Salmon - Sockeye Raw,Jello - Assorted,Bamboo Shoots - Sliced
As Cool As I Am,005,004,Cabbage - Red,French Kiss Vanilla,Oil - Sesame
Little Hamlet,002,005,Syrup - Monin,Chips - Miss Vickies,Mcgillicuddy Vanilla Schnap
Stoned,003,004,Soup Campbells Turkey Veg.,Tarragon - Fresh,Liners - Baking Cups
Freaky Friday,001,005,Langers - Cranberry Cocktail,Hagen Daza - Dk Choocolate,Pomegranates
Once Upon a Crime...,002,005,Bread - Bistro Sour,Pear - Prickly,Berry Brulee
Eden of the East the Movie II: Paradise Lost (Higashi no Eden Gekijôban II: Paradise Lost),004,001,Beef - Bones,Wine - Peller Estates Late,Soup - Campbells Chili
Stand Up and Fight,001,001,Spic And Span All Purpose,Mushroom - King Eryingii,Beans - Fine
Macario,004,002,Beef Flat Iron Steak,Turkey - Breast,Wine - Red
"Open Road, The",001,002,Butter Balls Salted,Pickles - Gherkins,Lobster - Cooked
Marius and Jeanette (Marius et Jeannette),001,003,Pork - Ground,Beef - Bones,Scotch - Queen Anne
Kicking and Screaming,004,005,Butter - Unsalted,Pumpkin - Seed,Pork Loin Bine - In Frenched
Honey (Miele),002,004,Yogurt - Strawberry,Parsnip,Tea Peppermint
"Man Who Knew Too Little, The",003,001,Garlic - Elephant,Wine - Riesling Dr. Pauly,Beef - Chuck
Caliber 9,005,003,Pumpkin,Pur Source,Puree - Mocha
Meat Love,002,002,Pork - Chop,Bandage - Finger Cots,Table Cloth 54x72 Colour
Les disparus de Saint-Agil,002,001,Rice - Aborio,Pear - Prickly,Beer - Fruli
Six Shooter,003,002,Milk - 2% 250 Ml,Pie Shells 10,Trout - Rainbow
China Blue,003,004,Pastry - Plain Baked Croissant,Shrimp - Black Tiger 16/20,Cumin - Whole
After You (Après vous...),005,004,Dish Towel,Beans - Fine,Langers - Cranberry Cocktail
Nightbreed,005,004,Wine - Fat Bastard Merlot,Ham - Cooked Italian,Onion Powder
"Trail Beyond, The",002,003,Rum - Cream,Puree - Mocha,Tamarillo
Wild in the Streets,002,002,Island Oasis - Magarita Mix,True - Vue Containers,Syrup - Monin - Granny Smith
"Oklahoma Kid, The",002,002,Energy Drink - Franks Pineapple,Wine - White,Pork - European Side Bacon
"No Blood Relation (Stepchild, The) (Nasanunaka)",001,005,Pasta - Cappellini,Lid Coffeecup 12oz D9542b,Energy Drink - Redbull 355ml
Draft Day,002,003,Basil - Seedlings Cookstown,Fuji Apples,Beef - Texas Style Burger
"Secret of Santa Vittoria, The",001,003,Monkfish - Fresh,Table Cloth - 53x69 Colour,Garlic - Elephant
Endgame,002,002,Raspberries - Fresh,Nutmeg - Ground,Tomatoes
From the Life of the Marionettes (Aus dem Leben der Marionetten) ,005,004,Pumpkin - Seed,7up Diet,Vinegar - Rice
Kopps,002,004,Mangostein,Sauce - Rosee,Sauce - Alfredo
Dr. Goldfoot and the Girl Bombs (Le spie vengono dal semifreddo),001,002,Soup - Campbells,Cup - 6oz,Irish Cream - Butterscotch
Shooting Fish,005,001,Ketchup - Tomato,Island Oasis - Ice Cream Mix,Garam Marsala
Dead Space: Aftermath,001,003,Ecolab Silver Fusion,Cherries - Frozen,Wine - Chardonnay Mondavi
The Frame,002,001,Tilapia - Fillets,Soup - Campbells Chili,Nut - Pine Nuts
Stolen (Stolen Lives),001,004,Beans - Long,Corn Meal,Ice Cream Bar - Oreo Sandwich
"Goat, The (a.k.a. Knock On Wood) (Chèvre, La)",002,004,Chicken - Soup Base,Brownies - Two Bite,Croissant
What Dreams May Come,003,001,Yogurt - Banana,Pie Shells 10,Pineapple - Canned
Tank,001,005,Rice - Wild,Lemon Balm - Fresh,Crackers - Water
Hansel & Gretel Get Baked,004,003,Chinese Foods - Thick Noodles,Mix - Cappucino Cocktail,Watercress
Wake of the Red Witch,003,004,Calvados - Boulard,Thyme - Dried,Tea - Herbal I Love Lemon
"Ungentlemanly Act, An",001,003,Potatoes - Mini White 3 Oz,Table Cloth 120 Round White,Nutmeg - Ground
Marilyn: The Untold Story,001,002,Chinese Foods - Thick Noodles,Scallops - In Shell,Lid Coffeecup 12oz D9542b
"Charge of the Light Brigade, The",005,002,Pork - Smoked Kassler,Soup - Knorr,Appetizer - Mango Chevre
Sanjuro (Tsubaki Sanjûrô),004,003,Ecolab - Power Fusion,Table Cloth 62x114 White,Pork - Bacon
Dylan Moran Live: What It Is,005,002,Lemon Balm - Fresh,Crab - Meat,Coffee - French Vanilla Frothy
You Are the Apple of My Eye,005,001,Salt - Table,Maintenance Removal Charge,Tilapia - Fillets
"Wild Horse, Wild Ride",003,001,Wine - Sake,Carrots - Purple,Chips Potato Salt Vinegar 43g
Changeling,003,004,Melon - Cantaloupe,Campari,Wine - Sicilia Igt Nero Avola
Mea Maxima Culpa: Silence in the House of God,004,001,Bagel - Whole White Sesame,Grenadine,Soup Bowl Clear 8oz92008
Freakin' Beautiful World (Sairaan kaunis maailma),003,003,Scallops 60/80 Iqf,Chips - Assorted,Wine - Chardonnay South
Spider,004,004,Oil - Grapeseed Oil,Pea - Snow,Pasta - Spaghetti
"Thief of Paris, The (Le voleur)",004,001,Cheese - Grana Padano,Muffin Hinge Container 6,Chef Hat 25cm
Conflagration (Enjô),001,005,Shrimp - 31/40,Chinese Foods - Chicken,Pork - European Side Bacon
Funky Forest: The First Contact,003,005,Plate Foam Laminated 9in Blk,Hagen Daza - Dk Choocolate,Truffle Paste
Bloody Pit of Horror (Il boia scarlatto) (Virgins for the Hangman),001,002,Nacho Chips,Ice Cream Bar - Hageen Daz To,Veal - Slab Bacon
Moon,004,005,Puree - Guava,Lettuce - California Mix,Pears - Anjou
Change of Address (Changement d'adresse),004,005,Assorted Desserts,Oregano - Fresh,Bread Base - Goodhearth
"Wrong Guy, The",005,003,V8 Pet,Limes,Chips - Assorted
"Take Her, She's Mine",005,001,Cheese - Wine,Lid Coffeecup 12oz D9542b,Pur Source
The Very Thought of You,003,005,Cookies Cereal Nut,Potatoes - Yukon Gold,Chocolate - White
"Good Shepherd, The",005,005,Bread - Olive Dinner Roll,Pea - Snow,Bagelers
"Sheltering Sky, The",005,002,Honey - Liquid,Tea Peppermint,Lobster - Cooked
On Borrowed Time,001,003,Langers - Cranberry Cocktail,Lemonade - Natural,Brownies - Two Bite
"Kennedys, The",005,004,Irish Cream - Baileys,Bread - White,Beef - Texas Style Burger
Black Ice (Musta jää),001,003,Garlic - Elephant,Soup - Campbells - Tomato,Flower - Leather Leaf Fern
Jason Becker: Not Dead Yet,001,001,Miso - Soy Bean Paste,Pears - Anjou,Wine - Beringer Founders Estate
Everyday Sunshine:  The Story of Fishbone,004,001,Flavouring - Raspberry,Wine - Cabernet Sauvignon,Glucose
Inferno,001,001,Halibut - Whole,Pork - Bacon,Lid - 10
Bus 174 (Ônibus 174),001,004,Pork - Caul Fat,Pears - Anjou,Turnip - Mini
Doc Savage: The Man of Bronze,004,003,Sweet Pea Sprouts,Nacho Chips,Fruit Mix - Light
Into the Storm,004,001,Beer - Sleemans Honey Brown,Oil - Safflower,Aromat Spice / Seasoning
This Is My Father,001,003,Wine - Delicato Merlot,Cleaner - Bleach,Rum - Cream
Short Circuit,005,002,Bread Country Roll,Sauce - Alfredo,Longos - Chicken Wings
"3 Worlds of Gulliver, The",003,004,Lemonade - Pineapple Passion,Coriander - Seed,Juice - Apple Cider
Spy Game,003,004,Squash - Guords,Honey - Liquid,Bread - Bistro Sour
Movie Crazy,004,002,Milk - 2% 250 Ml,Avocado,Pork - Smoked Kassler
"Wedding Party, The (Die Bluthochzeit)",003,005,Pork - Bacon,Initation Crab Meat,Jameson Irish Whiskey
After Office Hours,004,005,Celery,Food Colouring - Blue,Bagelers - Cinn / Brown Sugar
Planet B-Boy,001,002,Soup - Knorr,Turkey - Breast,Salt - Table
I Am David,005,001,Sour Cream,Alize Red Passion,Bread Country Roll
Bob Funk,005,005,Tarragon - Fresh,The Pop Shoppe - Cream Soda,Tomatoes
Garbage Warrior,005,001,Mace Ground,Nacho Chips,Lotus Leaves
Plastic Paradise: The Great Pacific Garbage Patch,003,002,Duck - Legs,Wine - White,Pork - Smoked Kassler
Scourge,003,005,Muffin - Mix - Bran And Maple 15l,Soup - Campbells Chili,Pork - Bacon
"Temptations, The",002,003,Hinge W Undercut,Avocado,Tea - Herbal - 6 Asst
Falling in Love,005,003,Wine - Red,Melon - Honey Dew,Oil - Olive
Bhowani Junction,003,003,Bamboo Shoots - Sliced,Tea - Herbal Orange Spice,Versatainer Nc - 8288
Little Fockers,002,001,Table Cloth 62x114 White,Honey - Liquid,Pepper - Red Bell
"One and Only, The",002,003,Swiss Chard - Red,Beef - Baby,Sprouts - Baby Pea Tendrils
Prick Up Your Ears,001,002,Beer - Guiness,Pasta - Orzo,Pepper - Green
"Power of One, The",005,001,Cassis,Tomatoes - Hot House,Bamboo Shoots - Sliced
"Moral Tales, Filmic Issues",002,003,Juice - Apple Cider,Wine - Wyndham Estate Bin 777,Baking Powder
It Might Get Loud,001,005,Eggroll,Melon - Cantaloupe,Oil - Olive
Terminator Salvation,004,005,Rootbeer,Juice - Prune,Garbage Bag - Clear
Sliver,002,001,Stock - Veal,Trout - Rainbow,Juice - Apple
"Cider House Rules, The",005,003,Sour Cream,Bag Clear 10 Lb,Madeira
"Extraordinary Adventures of Adèle Blanc-Sec, The",003,004,Appetizer - Sausage Rolls,Beer - Muskoka Cream Ale,Chocolate - Pistoles
Fled,005,001,Carbonated Water - Peach,Chicken - Diced,Wine - Peller Estates Late
Japanese Girls at the Harbor (Minato no nihon musume),002,002,Cilantro / Coriander - Fresh,Salt - Table,Cornflakes
Kansas Raiders,003,005,Monkfish - Fresh,Swiss Chard - Red,Wine - Savigny - Les - Beaune
Telefon,001,002,Schnappes - Peach,Tart Shells - Sweet,Beef - Salted
Basara: Princess Goh,002,005,Cheese - Wine,Venison - Liver,Wine - Chardonnay South
"Amour fou, L'",005,002,Pasta - Orzo,Melon - Cantaloupe,Devonshire Cream
Faithful,004,003,Pork - Bacon Cooked Slcd,Chick Peas - Canned,Bagelers - Cinn / Brown Sugar
Main Hoon Na,004,002,Lettuce - Frisee,Ham - Black Forest,Oysters - Smoked
"Bullfighter, The (Matador)",002,003,Beer - Upper Canada Light,Garbage Bag - Clear,Foil Wrap
Heidi,004,003,Carrots - Purple,Nut - Peanut,Pastry - Apple Large
Footprints on the Moon (Le orme) (Primal Impulse),002,005,Lemonade - Natural,Soup - Verve - Chipotle Chicken,Cake - Mini Cheesecake
The Girl from the Marsh Croft,004,004,Lid Coffeecup 12oz D9542b,Soup - Campbells Chili,Foil Wrap
My Blue Heaven,004,004,Tuna - Bluefin,Sword Pick Asst,Beer - Maudite
Raid on Rommel,004,005,Tea - Herbal - 6 Asst,Brownies - Two Bite,Cardamon Ground
"Corporation, The",002,005,Chef Hat 25cm,Corn - Mini,Pork - Backfat
She Creature (Mermaid Chronicles Part 1: She Creature),001,003,Vodka - Smirnoff,Milk - 2% 250 Ml,Duck - Fat
Friends with Kids,003,001,Jameson Irish Whiskey,Sobe - Lizard Fuel,Calvados - Boulard
"Tempest, The",002,005,Scallops - In Shell,Oil - Grapeseed Oil,Potatoes - Yukon Gold
Three Way,002,001,Muffin Mix - Banana Nut,Beer - Fruli,Jello - Assorted
Young Again,001,002,Wine - Sauvignon Blanc,Puree - Blackcurrant,Soup - Cream Of Broccoli
Raging Bull,005,002,Danishes - Mini Cheese,Scallops - Live In Shell,Celery
"Skeleton Key, The",003,004,Glass - Wine,Spinach - Spinach Leaf,Beets
Joan of Arc,002,005,Coffee - Frthy Coffee Crisp,Lemon Balm - Fresh,Bamboo Shoots - Sliced
Pokemon: The Movie 2000,003,005,Chicken - Wieners,Bamboo Shoots - Sliced,Napkin - Beverage 1 Ply
Miss Violence,004,004,Monkfish - Fresh,Nutmeg - Ground,Energy Drink - Franks Pineapple
Army of Crime (L'armée du crime),003,005,Filo Dough,Tamarillo,Wine - Baron De Rothschild
Ruins,005,002,Beef - Salted,Beets,Chick Peas - Canned
Welcome Farewell-Gutmann (Bienvenido a Farewell-Gutmann),004,003,Table Cloth 62x114 White,Ecolab Silver Fusion,Nescafe - Frothy French Vanilla
Double Dare,002,002,Nutmeg - Ground,Grenadine,Pasta - Fettuccine
Ulysses,003,001,Beef - Tenderloin,Chef Hat 25cm,Veal - Ground
American Strays,005,001,Chocolate - White,Pastry - Trippleberry Muffin - Mini,Slt - Individual Portions
LOL (Laughing Out Loud),003,002,Pepper - Gypsy Pepper,Muffin Mix - Banana Nut,Longos - Penne With Pesto
Turbo: A Power Rangers Movie,005,002,Chicken - Leg / Back Attach,Boogies,Greens Mustard
Pocahontas,005,004,Puree - Mocha,Ham - Cooked,Syrup - Monin - Granny Smith
"Film with Me in It, A",005,003,Tea - Decaf 1 Cup,Pork - Bacon Cooked Slcd,Towel Multifold
My Way Home (Így jöttem) ,002,003,Cookies Almond Hazelnut,Bag - Regular Kraft 20 Lb,Sausage - Andouille
Craig Ferguson: A Wee Bit o' Revolution,003,005,Energy Drink - Redbull 355ml,Sour Cream,Milk - 2% 250 Ml
"Christmas Carol, A",003,005,Bread Foccacia Whole,Pie Shell - 5,Island Oasis - Sweet And Sour Mix
Claudine,002,005,Veal - Slab Bacon,Flour Dark Rye,Wine - Pinot Noir Latour
Taras Bulba,004,004,Lid Coffeecup 12oz D9542b,Avocado,Baking Soda
Messenger of Death,003,001,Garam Masala Powder,Oregano - Fresh,Cheese - Comtomme
Meet Monica Velour,002,005,Potatoes - Purple,Garam Marsala,Bread - Flat Bread
Our Modern Maidens,003,003,Coconut - Whole,Corn Meal,Garbage Bag - Clear
"I Am My Films - A Portrait of Werner Herzog (Was ich bin, sind meine Filme)",001,005,Gherkin - Sour,7up Diet,Wine - Red
1971,004,004,Beef - Cooked,Bread - Bistro Sour,Evaporated Milk - Skim
In Enemy Hands,004,001,Bread Country Roll,Wine - Marlbourough Sauv Blanc,Avocado
Knife in the Water (Nóz w wodzie),002,003,Bacardi Breezer - Tropical,Chocolate - White,Oil - Grapeseed Oil
Would You Rather,005,003,Horseradish Root,Food Colouring - Orange,Irish Cream - Baileys
Life According to Sam,002,005,Lobster - Base,Magnotta Bel Paese Red,Puree - Passion Fruit
Employee of the Month,002,005,Truffle Cups - Red,Jameson Irish Whiskey,Appetizer - Sausage Rolls
C.R.A.Z.Y.,001,003,Lotus Leaves,Tomatoes - Yellow Hot House,Filo Dough
There's Something Wrong with Aunt Diane,001,002,Beef - Ground Medium,Gherkin - Sour,Lettuce - Frisee
"Goonies, The",004,002,Sprite - 355 Ml,Muffin Mix - Morning Glory,Bread Base - Gold Formel
"Secret of Moonacre, The",002,003,Lettuce - California Mix,Slt - Individual Portions,Lychee
King David,005,005,Corn - On The Cob,Pumpkin - Seed,Longos - Chicken Curried
Chain of Command,005,004,Sugar - Brown,Chocolate - Milk,Chocolate - Liqueur Cups With Foil
15,001,004,Cheese - Parmesan Grated,Versatainer Nc - 8288,Vinegar - Rice
Are You Listening?,002,005,Alize Red Passion,Wine - Chateau Aqueria Tavel,Soup - Campbells Chili
"Flamingo Kid, The",001,002,Sole - Dover,Straw - Regular,Cream - 18%
Surrogates,004,003,Nescafe - Frothy French Vanilla,Ham - Procutinni,Wine - Pinot Grigio Collavini
Carefree,001,005,7up Diet,Yogurt - Banana,Cheese - Colby
Daddy Day Care,002,005,Melon - Honey Dew,Tea - Herbal I Love Lemon,Ham - Proscuitto
"Adventures of Mary-Kate and Ashley, The: The Case of the United States Navy Adventure",002,002,Nut - Pumpkin Seeds,Cheese - Parmesan Cubes,Bread Base - Gold Formel
"Man from Elysian Fields, The",005,001,True - Vue Containers,The Pop Shoppe - Cream Soda,Tea - Decaf 1 Cup
Bandits,004,002,Calypso - Black Cherry Lemonade,Pastry - Cheese Baked Scones,Tea - Jasmin Green
Border Café,001,002,Sour Puss Sour Apple,Foil Wrap,Calypso - Lemonade
"Field in England, A",005,004,Pork - Bacon,Bread - French Stick,Cabbage - Nappa
Scarecrow,004,001,Pie Shell - 5,Sobe - Lizard Fuel,Bagelers - Cinn / Brown Sugar
The Lazarus Effect,001,005,Corn - Mini,Crab - Soft Shell,Juice - Orange 1.89l
Super Fuzz (a.k.a. Super Snooper) (Poliziotto superpiù),001,001,Coffee - Ristretto Coffee Capsule,Wine - Baron De Rothschild,Bread - Bistro Sour
Thief of Damascus,002,005,Watercress,Beef - Salted,Langers - Cranberry Cocktail
Blitz,004,003,Scallops - In Shell,Parsnip,Sweet Pea Sprouts
"Skeleton Twins, The",002,004,Lettuce - Red Leaf,Basil - Thai,Pears - Anjou
Asterix and the Gauls (Astérix le Gaulois),002,003,Breakfast Quesadillas,Irish Cream - Butterscotch,Limes
Vagabond (Sans toit ni loi),002,005,Coffee - French Vanilla Frothy,Oranges,Rootbeer
"Return of the Prodigal Son, The (Návrat ztraceného syna)",002,005,Soup Bowl Clear 8oz92008,Dehydrated Kelp Kombo,Juice - Apple Cider
From Up on Poppy Hill (Kokuriko-zaka kara),005,004,Beer - Maudite,Shiro Miso,Wine - Wyndham Estate Bin 777
"Hounds, The",001,002,Soup - Cream Of Broccoli,Green Tea Refresher,Wine - Magnotta - Belpaese
Quicksilver Highway,003,002,Sauce - Rosee,Ketchup - Tomato,Plate Foam Laminated 9in Blk
Young People,005,005,Juice - Ocean Spray Kiwi,Glucose,Longos - Chicken Cordon Bleu
Tales of Ordinary Madness (Storie di Ordinaria Follia),004,003,Wine - Winzer Krems Gruner,Sole - Dover,Vermouth - Sweet
"Incredibly True Adventure of Two Girls in Love, The",003,003,Sambuca Cream,Tea - Orange Pekoe,The Pop Shoppe - Cream Soda
Lone Wolf and Cub: White Heaven in Hell (Kozure ôkami: Jigoku e ikuzo! Daigorô),002,003,Muffin Mix - Banana Nut,Coffee - Espresso,Rice - Sushi
"Secrets, The (Sodot, Ha-)",001,003,Baking Soda,Soup Campbells Turkey Veg.,Beer - Maudite
Alice in Murderland,005,004,Soup - Campbells Chili,Beef - Baby,Ice - Clear
Manderlay,005,001,Parsnip,Appetizer - Cheese Bites,Pasta - Orzo
"Roman Spring of Mrs. Stone, The",003,004,Cherries - Fresh,Corn Meal,Glaze - Clear
Little Big Soldier (Da bing xiao jiang),003,001,Chinese Foods - Chicken,Muffin - Mix - Creme Brule 15l,Tea - Herbal Orange Spice
Now Where Did the Seventh Company Get to? (Mais où est donc passée la 7ème compagnie),002,005,Apricots Fresh,Food Colouring - Blue,Nutmeg - Ground
"People That Time Forgot, The",004,004,Ham - Cooked,Thyme - Dried,Tart - Raisin And Pecan
Painted Fire (Chihwaseon),001,003,Hinge W Undercut,Limes,Cactus Pads
African Cats,001,001,Lid - 10,Allspice - Jamaican,Icecream Bar - Del Monte
Mare Nostrum,002,002,Truffle Paste,Pail - 4l White,Juice - Lagoon Mango
Hong Kong Confidential (Amaya),005,002,Basil - Primerba,Sauce - Bernaise,Calypso - Lemonade
Cell 211 (Celda 211),002,002,Wine - Jafflin Bourgongone,Garlic - Elephant,Alize Sunset
"Illusionist, The",003,001,Coriander - Seed,V8 - Vegetable Cocktail,Cherries - Fresh
Doctor Dolittle,003,003,Pasta - Orzo,Soup Campbells Turkey Veg.,Tuna - Loin
Beyond the Poseidon Adventure,003,005,Chocolate - Sugar Free Semi Choc,Banana - Leaves,Stock - Veal
"Bizarre, Bizarre (Drôle de drame ou L'étrange aventure de Docteur Molyneux)",001,002,Grapes - Red,Lettuce - Frisee,Muffin - Blueberry Individual
"Hunt, The (Caza, La)",005,005,Bar Mix - Pina Colada,Coffee Beans - Chocolate,Glaze - Clear
The Invisible Boy,005,001,Oranges,Cheese - Pied De Vents,Wine - Touraine Azay - Le - Rideau
Icon,004,004,Cornflakes,Lemonade - Pineapple Passion,Eggs - Extra Large
Necessary Roughness,003,005,Raspberries - Fresh,Wine - Crozes Hermitage E.,The Pop Shoppe - Cream Soda
Cold Prey III (Fritt Vilt III),004,004,Filter - Coffee,Wine - Sawmill Creek Autumn,Tamarillo
Honeymoons,001,003,Salt - Table,Shrimp - 31/40,Pepper - Gypsy Pepper
Darkest Night,001,004,Lentils - Red,Beef Tenderloin Aaa,Breakfast Quesadillas
Jesse Stone: Night Passage,002,001,Tart Shells - Sweet,Anchovy In Oil,Coffee Cup 16oz Foam
"Sherlock Holmes in Pearl of Death (Pearl of Death, The)",005,005,Coffee - Frthy Coffee Crisp,Pork - Ground,Syrup - Monin - Granny Smith
Aftershock (Tangshan dadizhen),005,004,Tamarillo,Evaporated Milk - Skim,Ham - Cooked Italian
Making 'The New World',003,003,Gherkin - Sour,Wine - Carmenere Casillero Del,Bonito Flakes - Toku Katsuo
Beowulf,003,005,Hinge W Undercut,Mushroom - Chanterelle Frozen,Coffee - Ristretto Coffee Capsule
Blue Is the Warmest Color (La vie d'Adèle),003,005,Cinnamon Buns Sticky,Wine - Gewurztraminer Pierre,Pasta - Canelloni
Skeletons,001,005,Cranberries - Dry,Gelatine Leaves - Bulk,Bar Mix - Pina Colada
"Groove Tube, The",004,001,Pepper - Red Chili,Cocoa Feuilletine,Bread - Bagels
Paris,005,004,Soup Campbells Turkey Veg.,V8 Pet,Juice - Apple
"Brothers Lionheart, The (Bröderna Lejonhjärta)",005,004,Cookie Double Choco,Beef - Ox Tongue,Juice - Lagoon Mango
Spy Kids 3-D: Game Over,003,001,Chocolate - White,Langers - Mango Nectar,Cleaner - Bleach
Punks,005,004,Boogies,Plate Pie Foil,Chocolate - Sugar Free Semi Choc
Happy End,001,002,Pie Shells 10,Parasol Pick Stir Stick,Pastry - Butterscotch Baked
Cats Don't Dance,001,003,Anchovy In Oil,Bag - Regular Kraft 20 Lb,Wine - Wyndham Estate Bin 777
"Finger, The (Dedo, El)",001,002,Flour Dark Rye,Pepper - Julienne,Wine - Baron De Rothschild
Forever Yours (Ikuisesti sinun),002,001,Turkey - Breast,Nut - Pine Nuts,Croissant
"Silence of the Lambs, The",001,003,Nescafe - Frothy French Vanilla,Sauce - Fish 25 Ozf Bottle,Tuna - Loin
Tension at Table Rock,004,003,Calypso - Black Cherry Lemonade,Potatoes - Idaho 80 Count,Shrimp - Black Tiger 16/20
"If It's Tuesday, This Must Be Belgium",003,003,Chip - Potato Dill Pickle,Soup - Campbells Chicken,Lid Coffeecup 12oz D9542b
Necessary Roughness,002,005,Container - Foam Dixie 12 Oz,Cheese - Asiago,Sauce - Alfredo
Frenchmen (Le coeur des hommes),004,004,Mushroom - Chanterelle Frozen,Nacho Chips,Hold Up Tool Storage Rack
Penthouse,005,004,Shrimp - 31/40,Pork - Bacon,Wiberg Super Cure
Piranha 3DD (a.k.a. Piranha DD),004,001,Plate - Foam,Hold Up Tool Storage Rack,Cocoa Feuilletine
Aftermath,002,003,Beef Flat Iron Steak,Lentils - Red,Soup - Cream Of Broccoli
Blood: The Last Vampire,001,004,Bacardi Breezer - Tropical,Butter - Unsalted,Mix - Cappucino Cocktail
Paperman,003,004,Spic And Span All Purpose,Coffee Cup 16oz Foam,Bandage - Fexible 1x3
Across to Singapore,005,005,Danishes - Mini Cheese,Pastry - Carrot Muffin - Mini,Pastry - Trippleberry Muffin - Mini
We Need to Talk About Kevin,003,004,Pineapple - Canned,Pie Shells 10,Garam Marsala
Mad Love (Sappho),002,003,Nut - Pumpkin Seeds,Yeast Dry - Fleischman,Wine - Rubyport
1776,004,005,Pasta - Orzo,Island Oasis - Magarita Mix,Quinoa
"Decline of Western Civilization, The",004,002,Ecolab Silver Fusion,Sea Urchin,Soup Bowl Clear 8oz92008
Voyage to the Bottom of the Sea,003,002,Potatoes - Purple,Pasta - Cappellini,Beef - Short Ribs
Friendship!,001,001,Juice - Apple,Sausage - Andouille,Fudge - Cream Fudge
"Children of Huang Shi, The",002,002,Flower - Dish Garden,Napkin - Beverage 1 Ply,Bread - Bagels
"Black Sleep, The",005,004,Chicken - White Meat,Sproutsmustard Cress,Sour Puss Sour Apple
Gambling City,003,002,Ecolab - Mikroklene 4/4 L,Tamarillo,Pork - Bacon Cooked Slcd
Amber Lake ,005,003,Towel - Roll White,Thyme - Dried,Fuji Apples
"Great Santini, The",001,001,Salmon - Sockeye Raw,Tomatoes - Yellow Hot House,Stock - Fish
Mount St. Elias,005,003,Soup - Base Broth Beef,Baking Soda,Pasta - Penne
Shirin,002,004,Beef - Salted,Chocolate - Pistoles,Fenngreek Seed
Monsturd,001,001,Food Colouring - Orange,Oneshot Automatic Soap System,Ketchup - Tomato
Every Girl Should Be Married,001,003,Cookie Trail Mix,Cake - Cheese Cake 9 Inch,Sauce - Rosee
"Organization, The",005,001,Magnotta Bel Paese Red,Icecream Bar - Del Monte,Creme De Menthe Green
Firestorm,004,002,Bread Base - Goodhearth,Longos - Chicken Cordon Bleu,Pur Value
Temptress Moon (Feng Yue),001,005,Loquat,Waffle Stix,Creme De Menthe Green
V/H/S: Viral,002,001,Venison - Liver,Chicken - Leg / Back Attach,Foam Espresso Cup Plain White
Comrade Pedersen (Gymnaslærer Pedersen),004,004,Jam - Strawberry,Soup - Campbells Chicken,Muffin Hinge Container 6
Girl of Finland (Lapualaismorsian),003,001,Potatoes - Purple,Cheese - Wine,Puree - Guava
"Marriage of Maria Braun, The (Ehe der Maria Braun, Die)",004,002,Pears - Anjou,Truffle Cups Green,Savory
"Fog, The",003,003,Coffee - Irish Cream,Rabbit - Whole,Calypso - Black Cherry Lemonade
Hara-Kiri: Death of a Samurai,002,003,Wine - Two Oceans Sauvignon,Longos - Chicken Curried,Soup Knorr Chili With Beans
Up,005,002,Lettuce - Mini Greens,Sprouts - Baby Pea Tendrils,Bread Ww Cluster
"Lavender Hill Mob, The",005,005,Dome Lid Clear P92008h,Muffin - Mix - Bran And Maple 15l,Irish Cream - Baileys
"School of Flesh, The (École de la chair, L')",004,002,Wine - Wyndham Estate Bin 777,Wine - Sicilia Igt Nero Avola,Beef - Baby
Boy Eats Girl,005,001,Turkey - Breast,Rabbit - Whole,Scallops - Live In Shell
Smiles of a Summer Night (Sommarnattens leende),002,003,Sardines,Fruit Mix - Light,Wine - Winzer Krems Gruner
Jerusalem Countdown,004,002,Food Colouring - Blue,Celery,Duck - Legs
Change of Plans (Le code a changé),005,002,Spice - Montreal Steak Spice,Pasta - Orzo,Chicken - Diced
RoboCop,002,003,Wine - Valpolicella Masi,Bread - Sour Batard,Fond - Neutral
Mon Paradis - Der Winterpalast,005,003,Graham Cracker Mix,Mcgillicuddy Vanilla Schnap,Venison - Liver
Two for the Money,003,003,Pepper - Sorrano,Wine - Carmenere Casillero Del,Ham - Proscuitto
Mighty Joe Young,002,004,Jello - Assorted,Tuna - Loin,Wine - Peller Estates Late
Hide-Out,005,003,Wine - Pinot Noir Mondavi Coastal,Pork - Bacon Cooked Slcd,Wine - Spumante Bambino White
Brest Fortress (Brestskaya krepost),002,004,Salt - Table,Spinach - Spinach Leaf,Tea Peppermint
G.I. Joe: The Movie,003,001,Carbonated Water - Peach,Lettuce - California Mix,Beef - Short Loin
Gracie,002,004,Celery,Assorted Desserts,Turkey - Breast
Northeast,002,002,Bandage - Flexible Neon,Lamb - Whole Head Off,Pastry - Cheese Baked Scones
A.C.O.D.,003,001,Muffin - Blueberry Individual,Nescafe - Frothy French Vanilla,Yogurt - Banana
"Undertaker and His Pals, The",001,003,Ham - Proscuitto,Allspice - Jamaican,Lychee
"Crouching Tiger, Hidden Dragon (Wo hu cang long)",004,003,Instant Coffee,Sugar - Brown,Lotus Leaves
Water,004,002,Beer - Moosehead,Peas Snow,Wine - Wyndham Estate Bin 777
"Terrorizers, The (Kong bu fen zi)",005,003,Ham - Cooked Italian,Pepper - Red Thai,Wine - Niagara Peninsula Vqa
Menace II Society,002,003,Sauce - Alfredo,Pumpkin - Seed,Napkin - Beverage 1 Ply
Araya,001,001,Pail - 4l White,Soup Bowl Clear 8oz92008,Muffin Puck Ww Carrot
66 Scenes From America,003,005,Soup - Knorr,Baking Powder,Ecolab - Ster Bac
"Princess of Montpensier, The (La princesse de Montpensier)",001,005,Wine - Sawmill Creek Autumn,Mushroom - Chanterelle Frozen,Wine - White
"Boxtrolls, The",005,005,Dish Towel,Island Oasis - Sweet And Sour Mix,Syrup - Monin
Black Beauty,001,001,Tamarillo,Syrup - Monin,Ketchup - Tomato
Demonlover,001,001,Appetizer - Mango Chevre,Bandage - Fexible 1x3,Turnip - White
How I Live Now,001,001,Appetizer - Mango Chevre,Island Oasis - Magarita Mix,Beer - Moosehead
"Abominable Dr. Phibes, The",005,001,Bread Country Roll,Turnip - Mini,Energy Drink Bawls
End of Days,002,005,Pineapple - Canned,Potatoes - Pei 10 Oz,Quail - Jumbo
Can I Do It 'Till I Need Glasses?,005,001,Shallots,Roe - Lump Fish,Nut - Pumpkin Seeds
"Shrink Is In, The",005,002,Allspice - Jamaican,Thyme - Dried,Mix - Cappucino Cocktail
Leonard Cohen: I'm Your Man,002,005,Basil - Thai,Scallops - Live In Shell,Cabbage - Nappa
Nothing But the Night,005,001,Beans - Fine,Cheese - Boursin,Cheese - Cheddarsliced
Weekend,003,004,Fork - Plastic,Sausage - Andouille,Ranchero - Primerba
To End All Wars,002,002,Split Peas - Yellow,Soup - Knorr,Spice - Montreal Steak Spice
"Place of One's Own, A",003,001,Pie Shells 10,Turnip - White,Parsley - Dried
Southern Comfort,001,004,Bacardi Raspberry,Longos - Chicken Wings,Swiss Chard - Red
"Brothers Bloom, The",004,005,Soup - Campbells Chili,Beef - Baby,Plate - Foam
Devil's Playground,005,002,Oregano - Fresh,Turkey - Breast,Cumin - Whole
"Match, The",004,005,Nutmeg - Ground,Sword Pick Asst,Fireball Whisky
Racing Dreams,001,004,Duck - Fat,Sour Cream,Snapple - Iced Tea Peach
Glengarry Glen Ross,001,004,Anchovy In Oil,Wine - Chardonnay South,Parsley - Dried
Wagon Master,004,003,Eggplant - Asian,Energy Drink - Redbull 355ml,Chives - Fresh
Scarface,003,004,Cheese - Augre Des Champs,Wine - Chateau Aqueria Tavel,Lentils - Red
"Lost Missile, The",001,001,Nescafe - Frothy French Vanilla,Peas Snow,Bread Base - Gold Formel
Boyhood,003,005,Garbage Bag - Clear,Tomato - Plum With Basil,Sauerkraut
Dirty Sanchez: The Movie,001,001,Coffee - Frthy Coffee Crisp,Pears - Anjou,Shrimp - Black Tiger 13/15
Heroine,004,005,Cookies Cereal Nut,Brownies - Two Bite,Rice Pilaf
Straight from the Heart,001,002,Wine - Pinot Noir Latour,Doilies - 8,Bread - Flat Bread
Sokkotanssi,005,004,Juice - Lagoon Mango,Pork - Caul Fat,Juice - Apple
Alien³ (a.k.a. Alien 3),004,001,Crab - Meat,Veal - Loin,Sour Cream
Unaccompanied Minors,001,003,Hinge W Undercut,Nutmeg - Ground,Raspberries - Fresh
"Promised Life, The (Vie promise, La)",002,005,Wine - Wyndham Estate Bin 777,Pumpkin - Seed,Chocolate - Milk
Funny Girl,001,003,Pasta - Orzo,Tuna - Loin,Fireball Whisky
Jonah Who Will Be 25 in the Year 2000 (Jonas qui aura 25 ans en l'an 2000),004,004,Honey - Liquid,Sprouts - Baby Pea Tendrils,Honey - Comb
"Bunch Of Amateurs, A",003,004,Beans - Long,Yogurt - Banana,Beef - Bones
Tapped,003,005,7up Diet,Wine - White,Plate - Foam
"Uninvited, The",001,003,Cheese - Mix,Tea Peppermint,Pie Shell - 5
Le créateur ,004,002,Coffee Cup 16oz Foam,Squid - U - 10 Thailand,Milk - Homo
Strongman,002,002,Bread - Raisin Walnut Pull,Chips - Doritos,Island Oasis - Lemonade
Poseidon,004,001,Beef - Baby,Chocolate - Pistoles,Gherkin - Sour
Hell's Highway: The True Story of Highway Safety Films,002,005,Celery,Wine - Conde De Valdemar,Cake - Cheese Cake 9 Inch
"Dead Pit, The",001,003,Cheese - Asiago,Wiberg Super Cure,Cornflakes
Guardians of the Galaxy,005,002,Alize Red Passion,Chicken Breast Wing On,Sour Cream
Matthew's Days,002,004,Knife Plastic - White,Pork - Bacon,Shrimp - Black Tiger 6 - 8
"Crazy, Stupid, Love.",002,001,Wine - Sake,Honey - Liquid,Tea - Herbal Orange Spice
Impudent Girl (L'effrontée),002,003,Beer - Guiness,Bread - Burger,Carrots - Purple
Moscow on the Hudson,005,001,Pepper - Red Bell,Wine - Rubyport,Greens Mustard
"Return of Martin Guerre, The (Retour de Martin Guerre, Le)",002,004,Stock - Fish,Ecolab Silver Fusion,Bagel - Everything
Black Eagle,004,003,Bread - Bagels,Cookie Trail Mix,Pastry - Trippleberry Muffin - Mini
Executive Action,004,005,Fuji Apples,Skewers - Bamboo,Garbag Bags - Black
Workingman's Death,003,005,Parasol Pick Stir Stick,Cheese - Brie,Initation Crab Meat
Mammoth (Mammut),005,004,Honey - Comb,Island Oasis - Mango Daiquiri,Muffin Puck Ww Carrot
"Match, The",002,003,Nescafe - Frothy French Vanilla,Chips - Assorted,Nut - Pumpkin Seeds
Variety (Varieté),002,003,Instant Coffee,Rice - Sushi,Icecream Bar - Del Monte
200 Cigarettes,004,001,Nescafe - Frothy French Vanilla,Soup - Base Broth Beef,Cherries - Bing
"King Is Dead!, The",005,004,Beef - Bones,Beef Tenderloin Aaa,Sauce - Bernaise
"Date with Judy, A",004,005,Beer - True North Lager,Walkers Special Old Whiskey,Sugar - Brown
Dead Husbands,002,001,Pea - Snow,Chips - Miss Vickies,Fireball Whisky
"Jolly Boys' Last Stand, The",005,003,Jam - Strawberry,Juice - Orange 1.89l,Ketchup - Tomato
Perfect Sisters,005,004,Salt - Table,Pasta - Canelloni,Beer - Corona
"Big Year, The",004,002,Juice - Orange 1.89l,Ostrich - Fan Fillet,Coriander - Seed
Grindhouse,004,001,Honey - Liquid,Veal - Ground,Jello - Assorted
"Story of Floating Weeds, A (Ukikusa monogatari)",003,004,Truffle - Peelings,Pineapple - Canned,Tomato - Plum With Basil
"Sin of Madelon Claudet, The",005,001,Lemonade - Strawberry,Energy Drink - Franks Pineapple,Pasta - Fettuccine
"Return to Salem's Lot, A",004,003,Watercress,Munchies Honey Sweet Trail Mix,Beef Flat Iron Steak
Monsters University,001,003,Chocolate - Pistoles,Alize Sunset,Turkey - Breast
Doing Time on Maple Drive,005,004,Bread - Multigrain,Chicken - Diced,Soup Campbells Turkey Veg.
Pumpkinhead,005,004,Watercress,Soupfoamcont12oz 112con,Juice - Apple
Beslan: Three Days in September,001,005,Ecolab - Power Fusion,Corn - On The Cob,Beans - Fava
Bartok the Magnificent,001,002,Chicken - Wieners,Dehydrated Kelp Kombo,Chick Peas - Canned
"Fox and the Hound, The",003,005,Ham - Cooked Italian,Cookie Trail Mix,Parsley Italian - Fresh
Beyond the Law (Beyond the Law - Blue),004,002,Oil - Sesame,Appetizer - Sausage Rolls,Wine - Pinot Noir Latour
Sword of the Stranger (Sutorejia: Mukô hadan),003,002,Muffin Puck Ww Carrot,Sausage - Andouille,Wine - Savigny - Les - Beaune
Dinosaur 13,005,002,Wine - Delicato Merlot,Puree - Guava,Beef - Ox Tongue
After School Special (a.k.a. Barely Legal),001,005,Waffle Stix,Beef - Rib Roast,Nacho Chips
Arachnoquake,005,005,Pasta - Penne,Quinoa,Flower - Leather Leaf Fern
Varsity Blues,002,004,Wine - Pinot Noir Pond Haddock,Chinese Foods - Thick Noodles,Tobasco Sauce
"Tulse Luper Suitcases, Part 1: The Moab Story, The",004,003,Table Cloth 62x114 White,Hinge W Undercut,Wine - Peller Estates Late
Graceland,003,004,Cumin - Whole,Bread - Raisin Walnut Pull,Bagelers - Cinn / Brown Sugar
May in the Summer,003,003,Pastry - Cheese Baked Scones,Soup Knorr Chili With Beans,Cheese - Pied De Vents
Blood in the Mobile,002,002,Wine - Sawmill Creek Autumn,Puree - Raspberry,Bread - Sour Batard
Read My Lips (Sur mes lèvres),004,003,Yeast Dry - Fermipan,Bread - Sour Batard,Towel - Roll White
Holokaustin värit,001,004,Bread - Bistro Sour,Towel Multifold,Wine - Pinot Noir Latour
Man's Best Friend,002,003,Cheese - Comtomme,Pork - Bacon,Halibut - Fletches
Butcher Boys (Bone Boys),003,003,Squash - Butternut,Wine - Cotes Du Rhone,Cherries - Bing
The Emperor of California,005,002,Wine - Chateau Aqueria Tavel,Sprouts - Baby Pea Tendrils,Muffin Mix - Carrot
"N Word, The",004,004,Foam Espresso Cup Plain White,Pork - Hock And Feet Attached,Doilies - 8
"Rocks (Rad, Das)",003,003,Cheese - Augre Des Champs,Tomato - Plum With Basil,Dome Lid Clear P92008h
"Man with No Shadow, The (Homme sans ombre, L')",002,004,Sole - Dover,Nut - Walnut,Lemon Balm - Fresh
48 Hrs.,004,002,Wine - Fat Bastard Merlot,Ice - Clear,Gatorade - Fruit Punch
Picture This,002,005,Cookies Almond Hazelnut,Spaghetti Squash,Cactus Pads
Friends with Kids,005,004,Puree - Kiwi,Basil - Seedlings Cookstown,Syrup - Monin
Silent Sonata,004,005,Veal - Ground,Truffle Paste,Oil - Sesame
Cheaper by the Dozen 2,005,004,Oats Large Flake,Swordfish Loin Portions,Puree - Guava
Touch,002,002,Gatorade - Fruit Punch,Juice - Lagoon Mango,Wine - Cotes Du Rhone
Cure,002,002,Eggplant - Asian,Lid - 10,Oil - Grapeseed Oil
"Final Season, The",005,005,Lid Coffeecup 12oz D9542b,Cheese - Brie,Shrimp - Black Tiger 13/15
Downhill,001,001,Milk - 2% 250 Ml,Juice - Apple,Soup Bowl Clear 8oz92008
PAY 2 PLAY: Democracy's High Stakes,005,001,Cherries - Frozen,Grapes - Red,Truffle Cups - Brown
Tyler Perry's Daddy's Little Girls,004,002,Beer - Blue,Wine - White,Halibut - Whole
Casino Royale,004,004,Calvados - Boulard,Rice - Sushi,Carbonated Water - Peach
Lucky Break (a.k.a. Paperback Romance),001,005,Pears - Anjou,V8 Pet,Knife Plastic - White
Counsellor at Law,003,003,Pail - 4l White,Flour - Strong,Tea - Herbal Orange Spice
Boiling Point,004,003,Puree - Passion Fruit,Corn Meal,Puree - Passion Fruit
Donovan's Reef,004,004,Cinnamon Buns Sticky,Beef - Tenderloin,Soup Campbells Turkey Veg.
"Romance of Astrea and Celadon, The (Les amours d'Astrée et de Céladon)",005,005,The Pop Shoppe - Cream Soda,Kiwi,Oil - Olive
"It's the Great Pumpkin, Charlie Brown",001,005,Wine - Peller Estates Late,Nescafe - Frothy French Vanilla,Loquat
Chu Chin Chow,001,001,Wine - Conde De Valdemar,Wine - Cotes Du Rhone,Juice - Orange 1.89l
Attraction,005,002,Sugar - Brown,Magnotta Bel Paese Red,Tea - Decaf 1 Cup
Gloria,002,001,Beef - Cooked,Wine - Valpolicella Masi,Bandage - Finger Cots
I Accuse!,001,004,Cactus Pads,Doilies - 8,Chicken - Leg / Back Attach
Summer with Monika (Sommaren med Monika),001,002,Tea - Orange Pekoe,Cheese - Parmigiano Reggiano,Cabbage - Nappa
Evil Dead II (Dead by Dawn),003,005,Muffin Mix - Morning Glory,Irish Cream - Baileys,Oil - Olive
Ca$h,001,003,V8 Pet,Ham - Procutinni,Lid Coffeecup 12oz D9542b
Scusa ma ti chiamo amore,003,002,V8 - Vegetable Cocktail,Honey - Comb,Ham - Cooked
Consuming Spirits,003,001,Lettuce - California Mix,Coffee Swiss Choc Almond,Tuna - Salad Premix
Annie,004,001,Mcgillicuddy Vanilla Schnap,Beef Flat Iron Steak,Oats Large Flake
"Nightmare on Elm Street, A",002,005,Shrimp - Black Tiger 16/20,Wine - Niagara Peninsula Vqa,Lettuce - Frisee
Flash Gordon's Trip to Mars,004,004,Gooseberry,Pastry - Carrot Muffin - Mini,Pastry - Apple Large
Pretty Poison,005,003,Wine - Conde De Valdemar,Juice - Apple,Wine - Valpolicella Masi
"Insider, The",001,003,Oil - Safflower,Sweet Pea Sprouts,Salt - Table
Back Door to Hell,004,001,Jameson Irish Whiskey,Bandage - Flexible Neon,Pepper - Julienne
Cazuza - O Tempo Não Pára,005,003,Mushroom - Chanterelle Frozen,Garam Marsala,Jam - Strawberry
Trading Places,005,004,Pasta - Cappellini,Glass Clear 7 Oz Xl,Sproutsmustard Cress
Passion in the Desert,005,001,Pork Salted Bellies,Munchies Honey Sweet Trail Mix,Bag - Regular Kraft 20 Lb
Hood of the Living Dead,004,005,Duck - Legs,Cabbage - Nappa,Gatorade - Xfactor Berry
Chicken with Plums (Poulet aux prunes),005,002,Wine - Touraine Azay - Le - Rideau,Milk Powder,Soup Knorr Chili With Beans
Tatie Danielle,002,001,Teriyaki Sauce,Beans - Turtle,Oneshot Automatic Soap System
"Lords of Flatbush, The",004,002,Ostrich - Fan Fillet,Nutmeg - Ground,Pepper - Sorrano
Hanky Panky,003,001,Squash - Acorn,Squid - U - 10 Thailand,Truffle Cups - Brown
"Century of Cinema, A",002,004,Flavouring - Raspberry,Soup - Knorr,Wine - Magnotta - Red
Castle of Blood,003,005,Appetizer - Cheese Bites,Pork - Backfat,Aromat Spice / Seasoning
Coffee and Cigarettes,002,001,Wine - Red,Banana - Leaves,Sugar - Brown
Phone Booth,003,001,Pork - European Side Bacon,Campari,Cookie Trail Mix
Journeys with George,004,001,Pork - Chop,Bar Special K,Potatoes - Idaho 80 Count
Fuck Up,004,003,Muffin Mix - Carrot,Syrup - Monin,Dish Towel
Alaska,002,003,Wine - Jafflin Bourgongone,Rabbit - Whole,Cheese - Boursin
Open Grave,004,002,Pur Source,Wine - Red,Pineapple - Canned
London After Midnight,005,005,Squash - Acorn,Beer - Guiness,Wine - Casillero Del Diablo
Henry V,005,002,Napkin White,Sambuca Cream,Pastry - Trippleberry Muffin - Mini
Thirty Day Princess,003,003,Beef - Bones,Oven Mitt - 13 Inch,Island Oasis - Ice Cream Mix
If Only,001,005,Bread - Raisin Walnut Pull,Soupfoamcont12oz 112con,The Pop Shoppe - Root Beer
"Fighting Sullivans, The (Sullivans, The)",003,001,Steampan Lid,Nescafe - Frothy French Vanilla,Tuna - Salad Premix
Look Who's Talking Too,005,004,Appetizer - Mango Chevre,Potatoes - Mini White 3 Oz,Cheese - Brick With Pepper
Craig Ferguson: Does This Need to Be Said?,004,005,Longos - Chicken Wings,Energy Drink Bawls,Beef - Ox Tongue
Sister Street Fighter (Onna hissatsu ken),003,004,Bananas,Celery Root,Flavouring - Rum
Who's Singin' Over There? (a.k.a. Who Sings Over There) (Ko to tamo peva),004,001,Pork - Backfat,Cornflakes,Muffin Hinge Container 6
"Mourning Forest, The (Mogari no mori)",005,003,Oven Mitt - 13 Inch,Celery,Wine - Piper Heidsieck Brut
It's Such a Beautiful Day,005,002,Wine - Beringer Founders Estate,Yeast Dry - Fermipan,Pasta - Penne
"Sunday in the Country, A (Un dimanche à la campagne)",003,002,Beef - Rib Roast,Carbonated Water - Peach,Water - Tonic
15 Minutes,002,003,Numi - Assorted Teas,Tamarillo,Mushrooms - Black
An Alligator Named Daisy,005,001,Snapple - Iced Tea Peach,Oil - Grapeseed Oil,Muffin Chocolate Individual Wrap
Hurricane Streets,001,001,Banana - Leaves,Bread - White Mini Epi,Pastry - Baked Scones - Mini
Shock,001,004,Chips - Assorted,Parsley Italian - Fresh,Nut - Pumpkin Seeds
Alice in the Cities (Alice in den Stadten),003,005,Pasta - Canelloni,Cheese - Pied De Vents,Beef - Tenderlion
Within the Woods,001,004,Juice - Orange 1.89l,Shrimp - 31/40,True - Vue Containers
"Killer Inside Me, The",003,004,Fuji Apples,Bread - Roll,Knife Plastic - White
Steamboy (Suchîmubôi),004,002,Energy Drink - Franks Pineapple,Bread Base - Gold Formel,Lobster - Base
No Time for Love,001,004,Muffin - Mix - Bran And Maple 15l,Wine - Gewurztraminer Pierre,Cassis
Assault of the Sasquatch (Sasquatch Assault),002,001,Parsley - Dried,7up Diet,Jameson Irish Whiskey
"World According to Garp, The",003,005,Juice - Apple Cider,Pork - Smoked Kassler,Pastry - Choclate Baked
I Was an Adventuress,004,003,Bonito Flakes - Toku Katsuo,Appetizer - Mango Chevre,Sherry - Dry
Black Ice (Musta jää),005,005,Wine - Sawmill Creek Autumn,Mangoes,Iced Tea - Lemon
"Rough House, The",001,002,Aspic - Light,Corn - Mini,Nescafe - Frothy French Vanilla
Little Dieter Needs to Fly,002,004,Ostrich - Fan Fillet,Wine - Mondavi Coastal Private,Fond - Neutral
Crime Zone,005,005,Muffin Batt - Carrot Spice,Soup - Campbells,Nutmeg - Ground
Return to Sender,001,002,Sauce - Thousand Island,Gelatine Leaves - Bulk,Wine - Chateau Aqueria Tavel
"Drowning Pool, The",003,001,Lotus Leaves,Vermouth - Sweet,Bread - Multigrain
Black Nativity,002,005,Bamboo Shoots - Sliced,Wine - Peller Estates Late,Bagel - Whole White Sesame
Bring It On: Fight to the Finish,003,003,Soup Campbells Turkey Veg.,Stock - Fish,Beans - Fine
Floating Clouds  (Ukigumo),003,005,Monkfish - Fresh,Towel Multifold,Pepper - Gypsy Pepper
Waterland,004,004,Food Colouring - Orange,Tomatoes Tear Drop Yellow,Bread Cranberry Foccacia
Just Visiting,001,004,Tahini Paste,Soap - Hand Soap,Cheese - Parmesan Grated
Hotel Chevalier (Part 1 of 'The Darjeeling Limited'),002,003,Table Cloth 62x114 White,Everfresh Products,Muffin Mix - Lemon Cranberry
"House Is Black, The",003,004,Chips - Miss Vickies,Muffin Batt - Carrot Spice,Longos - Chicken Cordon Bleu
One Piece Film: Strong World,004,004,Pepper - Red Chili,Beef - Baby,Potatoes - Mini White 3 Oz
Murder in the First,003,005,Pears - Fiorelle,Turnip - White,Loquat
Family Guy Presents: It's a Trap,001,001,Rambutan,Cup - 6oz,Juice - Lagoon Mango
Open Water 2: Adrift,003,001,Chef Hat 25cm,Fish - Scallops,Pepper - Sorrano
"Pervert's Guide to Ideology, The",002,003,Gloves - Goldtouch Disposable,Lemonade - Pineapple Passion,Garam Marsala
Paper Birds (Pájaros de papel),005,002,Fenngreek Seed,Milk - Homo,Potatoes - Purple
Trekkies 2,001,002,Bread - Flat Bread,Pea - Snow,Watercress
Dream Land,001,004,Ice Cream Bar - Oreo Sandwich,Cassis,Chocolate - Liqueur Cups With Foil
Extremely Loud and Incredibly Close,005,003,Wine - Two Oceans Sauvignon,Pork - Bacon Cooked Slcd,Garam Marsala
Women Art Revolution,005,004,Sauce - Alfredo,Mushroom - King Eryingii,Energy Drink - Redbull 355ml
"X-Files: I Want to Believe, The",002,005,Bar Mix - Pina Colada,Fork - Plastic,Potatoes - Idaho 80 Count
Kobe Doin' Work,005,004,Wine - Baron De Rothschild,The Pop Shoppe - Root Beer,Lemonade - Natural
Man Is Not a Bird (Covek nije tica),005,001,Bread - White,Split Peas - Yellow,Cheese - Grana Padano
Symbol (Shinboru),005,002,Tea - Herbal Orange Spice,Squash - Butternut,Oil - Margarine
We Live Again,005,003,Lobster - Base,Tea - Orange Pekoe,Sauce - Rosee
Ghost,003,004,Soup - Campbells Beef Noodle,Oven Mitt - 13 Inch,Cheese - Brie
Cabin in the Sky,003,005,Glucose,Turkey - Breast,Bandage - Fexible 1x3
"Brothers Lionheart, The (Bröderna Lejonhjärta)",003,002,Pomegranates,Pie Shell - 5,Creme De Menthe Green
Death Wish 3,004,002,Sobe - Lizard Fuel,Sprouts - Baby Pea Tendrils,Sardines
"Far Side of the Moon, The (Face cachée de la lune, La)",004,005,Muffin Mix - Chocolate Chip,Pie Shells 10,Shrimp - 31/40
"Hungarian Fairy Tale, A (Hol volt, hol nem volt)",005,001,Bandage - Finger Cots,Sprouts - Baby Pea Tendrils,Higashimaru Usukuchi Soy
Convict 13,004,001,Oil - Hazelnut,Energy Drink - Franks Original,Beef - Ground Medium
"Mummy, The",004,004,Chip - Potato Dill Pickle,Soup - Campbells - Tomato,Soup - Campbells
Piter FM,001,001,Appetizer - Shrimp Puff,Glucose,Wine - Red
Blue,003,001,Spic And Span All Purpose,Sauce - Fish 25 Ozf Bottle,The Pop Shoppe - Cream Soda
Assassination on the Tiber,005,005,Alize Red Passion,Pepper - Red Bell,Coffee - Frthy Coffee Crisp
Rent-a-Cat,002,002,True - Vue Containers,Lamb - Whole Head Off,Dill Weed - Fresh
U-571,002,003,Mustard - Dijon,Wine - Savigny - Les - Beaune,Turkey - Breast
Pure Country,001,005,Sausage - Breakfast,Soup - Campbells Chili,Truffle - Peelings
Felicia's Journey,001,001,Versatainer Nc - 8288,Cheese - Camembert,Turkey - Breast
Vengeance (Fuk sau),001,004,Soup - Campbells Chili,Pea - Snow,Chick Peas - Canned
"Olsen Gang on the Track, The (Olsen-banden på sporet)",001,003,Orange Roughy 4/6 Oz,Beer - Paulaner Hefeweisse,Cilantro / Coriander - Fresh
"Act of Seeing with One's Own Eyes, The ",005,002,Spic And Span All Purpose,Scallops - In Shell,Juice - Prune
"Magic Gloves, The (Los guantes mágicos)",005,003,Lemonade - Natural,Chip - Potato Dill Pickle,Longos - Chicken Caeser Salad
Jerusalema (Gangster's Paradise: Jerusalema),004,002,Pie Shells 10,Dome Lid Clear P92008h,Shallots
"Bûche, La",001,004,Juice - Apple,Glass - Wine,Fireball Whisky
Not Reconciled (Nicht versöhnt oder Es hilft nur Gewalt wo Gewalt herrscht),001,002,Bread - Flat Bread,Muffin Hinge Container 6,Island Oasis - Sweet And Sour Mix
3 Little Ninjas and the Lost Treasure,004,002,Bread - Flat Bread,Gherkin - Sour,Wine - Cabernet Sauvignon
Into Great Silence (Die große Stille),005,004,Tobasco Sauce,Ecolab Crystal Fusion,Soup - Campbells Chili
King's Faith,004,001,Carrots - Purple,Lettuce - California Mix,Compound - Mocha
After...,002,005,Apron,Chocolate Bar - Reese Pieces,Chef Hat 25cm
Jimi Hendrix: Hear My Train A Comin',003,002,Fireball Whisky,Chicken - Wieners,Sauce - Balsamic Viniagrette
Flandres (Flanders),005,004,Wiberg Super Cure,Cream - 18%,Carrots - Jumbo
Missing in Action,005,003,Wine - Sicilia Igt Nero Avola,Beer - Corona,Kellogs Special K Cereal
"Barber of Siberia, The (Sibirskij tsiryulnik)",003,004,Beer - Upper Canada Light,Pear - Prickly,Mangostein
Mr. Hobbs Takes a Vacation,004,004,Wine - Fat Bastard Merlot,Rum - Cream,Wine - Chardonnay Mondavi
Happy End,005,005,Onions - Cooking,Food Colouring - Blue,Tilapia - Fillets
Red,005,004,Gatorade - Fruit Punch,Pork - European Side Bacon,Mix - Cappucino Cocktail
"Lord of the Rings, The",002,003,Fork - Plastic,Sugar - Cubes,Longos - Lasagna Beef
Bill Cunningham New York,005,003,Bacardi Raspberry,Bread - Flat Bread,Baking Powder
I Accuse!,005,005,Cabbage - Nappa,Numi - Assorted Teas,Doilies - 8
Madame Butterfly,001,001,Wine - Riesling Dr. Pauly,Soup Knorr Chili With Beans,Numi - Assorted Teas
"Tomb of Ligeia, The",003,001,Dehydrated Kelp Kombo,Mcgillicuddy Vanilla Schnap,Pork - European Side Bacon
Brannigan,004,002,Gelatine Leaves - Bulk,Island Oasis - Sweet And Sour Mix,Muffin Hinge Container 6
Festival in Cannes,005,002,Wine - Spumante Bambino White,Langers - Cranberry Cocktail,Wine - Chateau Aqueria Tavel
Piranhaconda,001,003,Tea - Herbal Orange Spice,Mangostein,Everfresh Products
Iron Sky,005,001,Truffle Cups - Brown,Cheese - Camembert,The Pop Shoppe - Cream Soda
"Wave, The (Welle, Die)",002,002,Fork - Plastic,Pastry - Choclate Baked,Wine - Carmenere Casillero Del
"Bridge, The (Most)",004,003,Cinnamon Buns Sticky,Tart Shells - Sweet,Beef - Short Ribs
Jet Pilot,003,002,Veal - Nuckle,Soupfoamcont12oz 112con,Cheese - Augre Des Champs
Cleopatra,004,001,Devonshire Cream,Potatoes - Parissienne,Cabbage - Nappa
Mouth to Mouth (Boca a boca),002,003,Cookies Almond Hazelnut,Nut - Pumpkin Seeds,Pur Source
God told Me To,003,001,Puff Pastry - Sheets,Lettuce - Frisee,Halibut - Fletches
Barbarosa,005,001,Wine - Cotes Du Rhone,Dc - Frozen Momji,Dc - Frozen Momji
Mafioso,005,002,Bagel - Everything,Turnip - Mini,Assorted Desserts
Red White & Blue,003,005,Bread Country Roll,Potatoes - Mini White 3 Oz,Veal - Ground
Flicker (Flimmer),003,001,Pear - Halves,Island Oasis - Ice Cream Mix,Green Tea Refresher
Megamind,005,005,7up Diet,Shiro Miso,Cookie Trail Mix
Yol (a.k.a. The Way),002,003,Kiwi,Puree - Raspberry,Assorted Desserts
28 Days,003,005,Wine - Winzer Krems Gruner,Nescafe - Frothy French Vanilla,Wine - Magnotta - Bel Paese White
Muppets Most Wanted,004,005,Table Cloth 62x114 White,Teriyaki Sauce,Wine - Montecillo Rioja Crianza
Epic,001,003,Wine - Sicilia Igt Nero Avola,Island Oasis - Sweet And Sour Mix,Ice Cream Bar - Oreo Sandwich
Born on the Fourth of July,004,002,Coffee Beans - Chocolate,Cod - Salted,Coffee - Almond Amaretto
Lincoln,004,002,Oil - Safflower,Flour Dark Rye,Bread - Burger
Siberian Education (Educazione siberiana),001,004,Halibut - Fletches,Bread Base - Goodhearth,Tarragon - Fresh
Turbulence,002,004,Chicken Breast Wing On,Squid - Tubes / Tenticles 10/20,Tomatoes - Roma
Hidden (a.k.a. Cache) (Caché),005,005,Wine - Montecillo Rioja Crianza,Squash - Acorn,Magnotta Bel Paese Red
"Deal, The",001,005,True - Vue Containers,Beef - Bones,Ham - Smoked
Adelheid,001,001,Jam - Strawberry,Salt - Sea,Tahini Paste
Hollywood Sex Wars,001,005,Beer - Paulaner Hefeweisse,Fondant - Icing,Turkey Leg With Drum And Thigh
The Adventures of Tom Thumb & Thumbelina,005,004,Alize Red Passion,Beef - Bones,French Kiss Vanilla
Since Otar Left (Depuis qu'Otar est parti...),005,001,Muffin Mix - Carrot,Oil - Grapeseed Oil,Puree - Raspberry
Garfield's Pet Force,005,001,Salt - Table,Honey - Comb,Wine - Rhine Riesling Wolf Blass
"Killer Is Loose, The",005,002,Beans - Fava,Wine - Crozes Hermitage E.,Flavouring - Raspberry
Beautiful Lies (De vrais mensonges) (Full Treatment),002,003,Aromat Spice / Seasoning,Jameson Irish Whiskey,Raspberries - Fresh
Bangkok Dangerous,004,001,Onions - Green,Flavouring - Raspberry,Spic And Span All Purpose
Casino Jack,005,004,The Pop Shoppe - Cream Soda,Limes,Madeira
"Cat in Paris, A (Une vie de chat)",004,002,Beef - Tenderlion,Pepper - Red Thai,Pepper - Yellow Bell
Major League,002,003,Scallops - In Shell,Lettuce - Red Leaf,Cilantro / Coriander - Fresh
Hostel: Part III ,002,003,Ham - Proscuitto,Chips - Assorted,Beer - Paulaner Hefeweisse
Killer of Sheep,002,003,Pastry - Trippleberry Muffin - Mini,Snapple - Iced Tea Peach,Bread - Bistro Sour
In the Name of the Law,005,001,Mangoes,Longos - Chicken Cordon Bleu,Gherkin - Sour
Nirvana,002,004,Nutmeg - Ground,Wine - Wyndham Estate Bin 777,Turkey - Breast
Darkness/Light/Darkness (Tma/Svetlo/Tma),001,003,Pork - Bacon,Coffee Beans - Chocolate,Tobasco Sauce
Kitchen Stories (Salmer fra kjøkkenet),003,003,Lamb - Whole Head Off,Sauce - Bernaise,Everfresh Products
"Bandit, The (Eskiya)",004,004,Basil - Primerba,Shrimp - Black Tiger 16/20,Higashimaru Usukuchi Soy
Aftershock (Tangshan dadizhen),001,002,Cheese - Colby,Veal - Slab Bacon,Cheese - Wine
Logan's Run,004,005,Fireball Whisky,Celery,Oregano - Fresh
Getaway,004,002,Beef - Bones,Wine - Spumante Bambino White,Soup Knorr Chili With Beans
"Road to Guantanamo, The",001,001,Lid - 10,Soup - Campbells - Tomato,Pastry - Butterscotch Baked
Jim Jefferies: Fully Functional (EPIX),004,001,Sweet Pea Sprouts,Sugar - Brown,Onions - Cooking
Love's Enduring Promise,002,003,Container - Foam Dixie 12 Oz,Lentils - Red,Pastry - Baked Scones - Mini
Outrage,005,002,Stock - Fish,Spinach - Baby,Tea - Jasmin Green
Detour ,003,003,Lotus Leaves,Pepper - Gypsy Pepper,Bag - Regular Kraft 20 Lb
Bringing Down the House,005,002,Muffin - Mix - Creme Brule 15l,Lettuce - Red Leaf,Spinach - Spinach Leaf
"Emperor Waltz, The",004,001,Truffle Paste,Ham - Black Forest,Pepper - Red Chili
"Chambre en ville, Une (Room in Town, A)",001,005,Lid Coffeecup 12oz D9542b,Ecolab - Power Fusion,Tamarind Paste
Mrs. Palfrey at the Claremont,004,004,Dried Cranberries,Beans - Fava,Chef Hat 25cm
Going Hollywood,001,001,Towel Multifold,Flour Dark Rye,Wine - Crozes Hermitage E.
Beyond Rangoon,002,003,Muffin - Blueberry Individual,Pepper - Red Bell,Beef - Tenderloin
Skeleton Crew,001,004,Roe - Flying Fish,Pepper - Red Thai,Turnip - White
"Midsummer Night's Dream, A",003,003,Calvados - Boulard,Chinese Foods - Cantonese,Fudge - Cream Fudge
True Love,003,001,Towel Multifold,Bread - Sour Batard,Longos - Chicken Cordon Bleu
Source Code,001,001,Sugar - Brown,Juice - Orange 1.89l,V8 - Vegetable Cocktail
Illegal Tender,005,005,Bar Mix - Pina Colada,Cornflakes,Swordfish Loin Portions
Deconstructing Harry,002,004,Pepper - Yellow Bell,Hold Up Tool Storage Rack,Cabbage - Nappa
Carman: The Champion,005,002,Soup - Base Broth Beef,Lettuce - California Mix,Assorted Desserts
Amityville: A New Generation,004,001,Sugar - Brown,Tahini Paste,Corn Meal
Private Property (Nue propriété),002,001,Rice - Aborio,Sauce - Demi Glace,Tamarillo
Climate of Change,003,005,Tomatoes,Beef - Short Ribs,Bag - Regular Kraft 20 Lb
Elizabethtown,003,001,Calvados - Boulard,Bread - French Stick,Cherries - Bing
Godzilla vs. Destroyah (Gojira vs. Desutoroiâ) ,002,005,Melon - Cantaloupe,Pork - Ground,The Pop Shoppe - Cream Soda
Haunted Castle,003,005,Coffee - French Vanilla Frothy,Bread Country Roll,Puree - Kiwi
My Way (Mai Wei),002,001,Island Oasis - Sweet And Sour Mix,Sauce - Bernaise,Bagel - Whole White Sesame
Lover's Knot,004,001,Island Oasis - Raspberry,Wine - Piper Heidsieck Brut,Cabbage - Nappa
Elephant Boy,002,003,Jam - Strawberry,Wine - Valpolicella Masi,Oven Mitt - 13 Inch
Bandits,001,005,Muffin - Mix - Bran And Maple 15l,Hinge W Undercut,Soup Knorr Chili With Beans
"Bad News Bears Go to Japan, The",003,003,Wine - Piper Heidsieck Brut,Shrimp - Black Tiger 13/15,Cookies Cereal Nut
Two Deaths,004,004,Carrots - Jumbo,Pasta - Cannelloni,Flour - Bread
Six Days Seven Nights,005,005,Towel - Roll White,Chocolate - Milk,Garam Masala Powder
Watch on the Rhine,005,001,Muffin Batt - Carrot Spice,Gloves - Goldtouch Disposable,Pasta - Orzo
Charlie's Country,001,003,Muffin - Mix - Bran And Maple 15l,Liners - Baking Cups,Gelatine Powder
On the Silver Globe (Na srebrnym globie),005,001,Beef - Short Ribs,Baking Soda,Halibut - Steaks
Medora,003,001,Wine - Chardonnay Mondavi,Miso - Soy Bean Paste,Turnip - Mini
Breakfast of Champions,002,004,Watercress,Beef - Rib Roast,Beef - Short Ribs
Millennium Mambo (Qian xi man po),005,001,Maintenance Removal Charge,Bar Mix - Pina Colada,Avocado
Bat*21,002,002,Jagermeister,Tobasco Sauce,Basil - Seedlings Cookstown
"Karate Kid, Part II, The",005,004,Pork - Hock And Feet Attached,Maintenance Removal Charge,Bagel - Everything
In a Glass Cage (Tras el cristal),003,005,Pumpkin - Seed,Longos - Chicken Caeser Salad,Juice - Ocean Spray Kiwi
The Mayor of Casterbridge,003,004,Beef - Tender Tips,Oil - Sesame,Beer - Maudite
Lay the Favorite,005,003,Chocolate - Liqueur Cups With Foil,Oil - Cooking Spray,Miso - Soy Bean Paste
Vampire Girl vs. Frankenstein Girl (Kyûketsu Shôjo tai Shôjo Furanken),002,001,Cookies Cereal Nut,Pear - Halves,Truffle - Peelings
Letters from a Killer,005,003,Pear - Prickly,Wine - Vovray Sec Domaine Huet,Coffee Beans - Chocolate
"Friend of Mine, A (Ein Freund von mir)",005,005,Garlic - Elephant,Ham - Procutinni,Muffin - Mix - Creme Brule 15l
"Killing Floor, The",001,001,Oil - Grapeseed Oil,Vaccum Bag 10x13,Tarragon - Fresh
Music of the Heart,004,001,Basil - Thai,Squid - Tubes / Tenticles 10/20,Bread Country Roll
My Favorite Wife,005,003,Bread - Flat Bread,Cheese - Comtomme,Rambutan
Much Ado About Nothing,001,003,Pepper - White,Wine - Sake,Sardines
"Decalogue, The (Dekalog)",003,005,Nectarines,Fork - Plastic,Island Oasis - Mango Daiquiri
Theatre of Blood,004,005,Oats Large Flake,Table Cloth - 53x69 Colour,Mushroom - Chanterelle Frozen
Populaire,002,003,Bread Base - Gold Formel,Wine - Crozes Hermitage E.,Gatorade - Xfactor Berry
Home Alone,002,002,Wine - Fat Bastard Merlot,Potatoes - Idaho 80 Count,Beer - True North Lager
"Oh, God! Book II",005,005,Nutmeg - Ground,Bread - Assorted Rolls,Water - Green Tea Refresher
Lambada,003,003,Tea - Herbal - 6 Asst,Sauerkraut,Cheese Cheddar Processed
Chinese Coffee,004,005,Nut - Pine Nuts,Bread - White,Puree - Mocha
Freejack,002,003,Bread - Burger,Bread - Assorted Rolls,Kiwi
"Kingdom, The (Riget)",004,003,Sour Puss Sour Apple,Swiss Chard - Red,Cheese - Brie
"Far Off Place, A",003,002,Potatoes - Purple,Sardines,Banana - Leaves
"Conclave, The",002,003,Pepper - White,Beef - Short Loin,Ice Cream Bar - Oreo Sandwich
"Phantom of Liberty, The (Fantôme de la liberté, Le)",001,001,Steampan Lid,Wine - Red,Pasta - Fusili
Flirting With Disaster,005,001,Puree - Raspberry,Ecolab Crystal Fusion,Halibut - Steaks
Le Donk & Scor-zay-zee,001,004,Soap - Hand Soap,Cod - Salted,Ostrich - Fan Fillet
Arthur,004,004,Bread - Petit Baguette,Lettuce - Mini Greens,Madeira
Winds of the Wasteland,004,001,Beef - Chuck,Tomatoes - Roma,Devonshire Cream
Lumberjacking (Nuoruuteni savotat),002,003,Miso - Soy Bean Paste,Truffle Cups - Red,Corn - Mini
Prinsessa Ruusunen,003,005,Crab - Claws,Beef Flat Iron Steak,Aspic - Light
Protector (Protektor),002,005,Soup Bowl Clear 8oz92008,Pepper - Red Thai,Straw - Regular
Wholly Moses,003,005,Bread - Flat Bread,Tuna - Bluefin,Tea - Jasmin Green
"Firm, The",004,002,Bread Base - Gold Formel,Rice - Aborio,Turnip - Mini
Lean on Me,001,005,Rabbit - Whole,Sword Pick Asst,Bread Country Roll
Nativity 2: Danger in the Manger!,005,001,Wine - Winzer Krems Gruner,Chocolate - Sugar Free Semi Choc,Beef - Tender Tips
"Statues Also Die (Statues meurent aussi, Les)",001,002,Mcgillicuddy Vanilla Schnap,Muffin Mix - Lemon Cranberry,Beer - Paulaner Hefeweisse
Day & Night,001,003,Pears - Anjou,Compound - Mocha,Juice - Ocean Spray Kiwi
"Thin Blue Line, The",003,002,Squid - U - 10 Thailand,Croissant,Spaghetti Squash
"Yakuza, The",001,004,Table Cloth 120 Round White,Longos - Lasagna Beef,Nescafe - Frothy French Vanilla
"Pink Panther, The",004,001,Mace Ground,Turkey - Breast,Oats Large Flake
"Dangerous Man, A",001,004,Potatoes - Idaho 80 Count,Aromat Spice / Seasoning,Corn - Mini
Kids of the Round Table,003,005,Spic And Span All Purpose,Pears - Anjou,Napkin White
"Crazy, Stupid, Love.",005,005,Anchovy In Oil,Nut - Pumpkin Seeds,Potatoes - Parissienne
Bridesmaids,001,001,White Fish - Filets,Appetizer - Mango Chevre,Beer - Corona
Outpost,004,002,Cilantro / Coriander - Fresh,Celery,Vodka - Lemon
Drive-In Horrorshow,005,001,Beef - Rib Roast,Glucose,Milk Powder
"Spy Who Loved Me, The",001,003,Pastry - Trippleberry Muffin - Mini,Salami - Genova,Tarragon - Fresh
Beck - Rum 302,003,003,Wine - Jafflin Bourgongone,Beef - Baby,Duck - Legs
Holiday Affair,003,004,Tumeric,Wine - White,Squid - Tubes / Tenticles 10/20
"Love, Money, Love",003,003,Pepper - Gypsy Pepper,Mcgillicuddy Vanilla Schnap,Yeast Dry - Fermipan
Strange Invaders,001,004,Apricots - Dried,Aspic - Clear,Pasta - Orzo
It Happened Here,004,001,Thyme - Dried,Onions - Cooking,Wine - Chateau Aqueria Tavel
Tyler Perry's Why Did I Get Married Too?,002,004,Cinnamon Buns Sticky,Coffee - French Vanilla Frothy,Flour - Bread
FC Venus,001,005,Berry Brulee,Cranberries - Dry,Muffin Batt - Carrot Spice
"Trip to the Moon, A (Voyage dans la lune, Le)",003,004,Coffee - Ristretto Coffee Capsule,Veal - Loin,Prunes - Pitted
"This World, Then the Fireworks",001,002,Sauce - Rosee,Knife Plastic - White,Veal - Slab Bacon
Sky High,004,005,Bread - Roll,Wine - Jafflin Bourgongone,Steampan Lid
"Women on the 6th Floor, The (Les Femmes du 6ème Étage)",001,001,Bread Base - Goodhearth,Veal - Loin,Pineapple - Canned
Wetherby,003,004,Pear - Prickly,Beer - Sleemans Honey Brown,Crab - Soft Shell
Hard-Boiled (Lat sau san taam),005,005,Muffin Batt - Carrot Spice,Beer - Muskoka Cream Ale,Potatoes - Yukon Gold
Fish Tank,001,003,Beef - Cooked,Beef - Bones,Butter Balls Salted
"13th Letter, The",004,002,Chocolate Bar - Reese Pieces,Vaccum Bag 10x13,Beef - Baby
"Rome, Open City (a.k.a. Open City) (Roma, città aperta)",005,004,Muffin Mix - Chocolate Chip,Nescafe - Frothy French Vanilla,Tea - Herbal Orange Spice
My Prairie Home,003,002,Towel - Roll White,Oil - Hazelnut,Raspberries - Fresh
Chronicle of an Escape (Crónica de una fuga),005,004,Pork - Bacon,Longos - Penne With Pesto,Glass - Wine
"Greatest Show on Earth, The",003,005,Lettuce - Red Leaf,Bread - Bistro Sour,Sauce - Fish 25 Ozf Bottle
White Mischief,003,003,Berry Brulee,Veal - Slab Bacon,Beans - Fine
Return to House on Haunted Hill,003,001,Bagel - Whole White Sesame,Wine - Sauvignon Blanc,Soup Campbells Turkey Veg.
"General Died at Dawn, The",002,001,Puree - Kiwi,Wine - Vovray Sec Domaine Huet,Cheese - Brick With Pepper
"Day He Arrives, The (Book chon bang hyang)",005,001,Pasta - Orzo,Pastry - Trippleberry Muffin - Mini,Onion Powder
"Muppet Family Christmas, A",005,004,Truffle Cups - Brown,Wine - Riesling Dr. Pauly,Garbag Bags - Black
Drive,004,004,Cookie Double Choco,Duck - Legs,Bread Country Roll
Bride Wars,005,001,Puree - Raspberry,Island Oasis - Magarita Mix,Chips Potato Salt Vinegar 43g
Go West,004,002,Nut - Walnut,Soup - Cream Of Broccoli,Carrots - Jumbo
"Clap, You're Dead",001,001,Oats Large Flake,Horseradish Root,Soup - Knorr
Accident (Yi ngoi),005,001,Shrimp - Black Tiger 13/15,Bread - Flat Bread,Nutmeg - Ground
Stratosphere Girl,002,004,Beans - Long,Chicken - Diced,Chips - Assorted
Pigsty (Porcile),004,001,Bread - Burger,Bread - Multigrain,7up Diet
Suddenly (Tan de Repente),002,003,Flour - Bread,Ecolab - Power Fusion,Ketchup - Tomato
Shinjuku Incident (San suk si gin),003,005,Cabbage - Nappa,Energy Drink - Franks Pineapple,Beer - Paulaner Hefeweisse
BloodRayne: The Third Reich,005,001,Roe - Flying Fish,Vodka - Lemon,Vaccum Bag 10x13
Freeze Me,005,001,Papadam,Soup Knorr Chili With Beans,Soup - Base Broth Beef
